USE SALES
GO

---  insert bang TAIKHOAN
INSERT INTO TAIKHOAN VALUES('p1KaLmIj','1234567','1-1-2000',1)
INSERT INTO TAIKHOAN VALUES('2kB7fZp5','1234567','1-1-2000',1)
INSERT INTO TAIKHOAN VALUES('Tm1qbi6d','1234567','1-1-2000',1)
INSERT INTO TAIKHOAN VALUES('ss92C31a','1234567','1-1-2000',1)
INSERT INTO TAIKHOAN VALUES('PGJK9Lvk','1234567','1-1-2000',1)
INSERT INTO TAIKHOAN VALUES('7DMPDONX','1234567','1-1-2000',1)
INSERT INTO TAIKHOAN VALUES('rwD2yVLZ','1234567','1-1-2000',1)
INSERT INTO TAIKHOAN VALUES('rHBio74s','1234567','1-1-2000',1)
INSERT INTO TAIKHOAN VALUES('okyOsSq7','1234567','1-1-2000',1)
INSERT INTO TAIKHOAN VALUES('ShEkCnbO','1234567','1-1-2000',1)
INSERT INTO TAIKHOAN VALUES('llc0j8G8','1234567','1-1-2000',1)
INSERT INTO TAIKHOAN VALUES('rUSNMnTY','1234567','1-1-2000',1)
INSERT INTO TAIKHOAN VALUES('8kzx71zW','1234567','1-1-2000',1)
INSERT INTO TAIKHOAN VALUES('MKbM1E9n','1234567','1-1-2000',1)
INSERT INTO TAIKHOAN VALUES('QmIB3LNU','1234567','1-1-2000',1)
INSERT INTO TAIKHOAN VALUES('2WvkjdhM','1234567','1-1-2000',1)
INSERT INTO TAIKHOAN VALUES('BYIiPYQU','1234567','1-1-2000',1)
INSERT INTO TAIKHOAN VALUES('t7b1TLnd','1234567','1-1-2000',1)
INSERT INTO TAIKHOAN VALUES('DrfYpykW','1234567','1-1-2000',1)
INSERT INTO TAIKHOAN VALUES('oKtcjpmr','1234567','1-1-2000',1)
INSERT INTO TAIKHOAN VALUES('yjiPijFL','1234567','1-1-2000',1)
INSERT INTO TAIKHOAN VALUES('Gu9WMuIb','1234567','1-1-2000',1)
INSERT INTO TAIKHOAN VALUES('GLO4jW1P','1234567','1-1-2000',1)
INSERT INTO TAIKHOAN VALUES('GmSGXhIN','1234567','1-1-2000',1)
INSERT INTO TAIKHOAN VALUES('inNDyt7c','1234567','1-1-2000',1)
INSERT INTO TAIKHOAN VALUES('x0ZdQpb8','1234567','1-1-2000',1)
INSERT INTO TAIKHOAN VALUES('svYiQ7vc','1234567','1-1-2000',1)
INSERT INTO TAIKHOAN VALUES('hZ3VTlyR','1234567','1-1-2000',1)
INSERT INTO TAIKHOAN VALUES('IcEu6Sqd','1234567','1-1-2000',1)
INSERT INTO TAIKHOAN VALUES('7cvBMAAQ','1234567','1-1-2000',1)
INSERT INTO TAIKHOAN VALUES('Y9YVW1lK','1234567','1-1-2000',1)
INSERT INTO TAIKHOAN VALUES('8pUeed2Q','1234567','1-1-2000',1)
INSERT INTO TAIKHOAN VALUES('Myblv2k0','1234567','1-1-2000',1)
INSERT INTO TAIKHOAN VALUES('5Gezn5XS','1234567','1-1-2000',1)
INSERT INTO TAIKHOAN VALUES('2X1w6evX','1234567','1-1-2000',1)
INSERT INTO TAIKHOAN VALUES('F4J3D3qt','1234567','1-1-2000',1)
INSERT INTO TAIKHOAN VALUES('C342jLk4','1234567','1-1-2000',1)
INSERT INTO TAIKHOAN VALUES('Pu1PMTMw','1234567','1-1-2000',1)
INSERT INTO TAIKHOAN VALUES('jPY5BaNS','1234567','1-1-2000',1)
INSERT INTO TAIKHOAN VALUES('ShTXjSJF','1234567','1-1-2000',1)
INSERT INTO TAIKHOAN VALUES('rPa1HHLS','1234567','1-1-2000',1)
INSERT INTO TAIKHOAN VALUES('Ov8m3EKt','1234567','1-1-2000',1)
INSERT INTO TAIKHOAN VALUES('GZUxjz9b','1234567','1-1-2000',1)
INSERT INTO TAIKHOAN VALUES('sUizjqxc','1234567','1-1-2000',1)
INSERT INTO TAIKHOAN VALUES('YUv0IK91','1234567','1-1-2000',1)
INSERT INTO TAIKHOAN VALUES('R0NyQVEb','1234567','1-1-2000',1)
INSERT INTO TAIKHOAN VALUES('R808hDqF','1234567','1-1-2000',1)
INSERT INTO TAIKHOAN VALUES('K88GBvoN','1234567','1-1-2000',1)
INSERT INTO TAIKHOAN VALUES('idDMOjIU','1234567','1-1-2000',1)
INSERT INTO TAIKHOAN VALUES('GJ1uvZQ3','1234567','1-1-2000',1)
INSERT INTO TAIKHOAN VALUES('pebCSjCw','1234567','1-1-2000',1)
INSERT INTO TAIKHOAN VALUES('LBcHXV3C','1234567','1-1-2000',1)
INSERT INTO TAIKHOAN VALUES('xaptDcVD','1234567','1-1-2000',1)
INSERT INTO TAIKHOAN VALUES('hL8Swmsa','1234567','1-1-2000',1)
INSERT INTO TAIKHOAN VALUES('d0fkKexT','1234567','1-1-2000',1)
INSERT INTO TAIKHOAN VALUES('5ewRfaQ2','1234567','1-1-2000',1)
INSERT INTO TAIKHOAN VALUES('dw5Ro4cO','1234567','1-1-2000',1)
INSERT INTO TAIKHOAN VALUES('LWcZrCaG','1234567','1-1-2000',1)
INSERT INTO TAIKHOAN VALUES('naKt8EUt','1234567','1-1-2000',1)
INSERT INTO TAIKHOAN VALUES('2pchPEiZ','1234567','1-1-2000',1)
INSERT INTO TAIKHOAN VALUES('Ik1PDcVV','1234567','1-1-2000',1)
INSERT INTO TAIKHOAN VALUES('x8DAUU9s','1234567','1-1-2000',1)
INSERT INTO TAIKHOAN VALUES('R3blYOC4','1234567','1-1-2000',1)
INSERT INTO TAIKHOAN VALUES('I05TZDLG','1234567','1-1-2000',1)
INSERT INTO TAIKHOAN VALUES('es4BqTAD','1234567','1-1-2000',1)
INSERT INTO TAIKHOAN VALUES('Yrwj5xHW','1234567','1-1-2000',1)
INSERT INTO TAIKHOAN VALUES('S1JyNedY','1234567','1-1-2000',1)
INSERT INTO TAIKHOAN VALUES('hHXiOujq','1234567','1-1-2000',1)
INSERT INTO TAIKHOAN VALUES('9ex8B26Y','1234567','1-1-2000',1)
INSERT INTO TAIKHOAN VALUES('lnicO5jb','1234567','1-1-2000',1)
INSERT INTO TAIKHOAN VALUES('LV9jACrG','1234567','1-1-2000',1)
INSERT INTO TAIKHOAN VALUES('Hi1v5Lxn','1234567','1-1-2000',1)
INSERT INTO TAIKHOAN VALUES('xEmhZkyk','1234567','1-1-2000',1)
INSERT INTO TAIKHOAN VALUES('UuFvaxDD','1234567','1-1-2000',1)
INSERT INTO TAIKHOAN VALUES('rpXjZq1I','1234567','1-1-2000',1)
INSERT INTO TAIKHOAN VALUES('IBxZHf7O','1234567','1-1-2000',1)
INSERT INTO TAIKHOAN VALUES('OEPnqmVJ','1234567','1-1-2000',1)
INSERT INTO TAIKHOAN VALUES('pYZ8mJIl','1234567','1-1-2000',1)
INSERT INTO TAIKHOAN VALUES('SIJ0dZP3','1234567','1-1-2000',1)
INSERT INTO TAIKHOAN VALUES('82VBaEQd','1234567','1-1-2000',1)
INSERT INTO TAIKHOAN VALUES('YZ6NHuu0','1234567','1-1-2000',1)
INSERT INTO TAIKHOAN VALUES('Z0aFZXOO','1234567','1-1-2000',1)
INSERT INTO TAIKHOAN VALUES('p4dvMRJj','1234567','1-1-2000',1)
INSERT INTO TAIKHOAN VALUES('zSikZRjp','1234567','1-1-2000',1)
INSERT INTO TAIKHOAN VALUES('edtvdYct','1234567','1-1-2000',1)
INSERT INTO TAIKHOAN VALUES('DsRHTdb2','1234567','1-1-2000',1)
INSERT INTO TAIKHOAN VALUES('liRBDDd8','1234567','1-1-2000',1)
INSERT INTO TAIKHOAN VALUES('jVSLEQD2','1234567','1-1-2000',1)
INSERT INTO TAIKHOAN VALUES('fA8uZn2H','1234567','1-1-2000',1)
INSERT INTO TAIKHOAN VALUES('RhCHUlXM','1234567','1-1-2000',1)
INSERT INTO TAIKHOAN VALUES('M83TbIM4','1234567','1-1-2000',1)
INSERT INTO TAIKHOAN VALUES('GhPz3OSZ','1234567','1-1-2000',1)
INSERT INTO TAIKHOAN VALUES('GI5IjnfG','1234567','1-1-2000',1)
INSERT INTO TAIKHOAN VALUES('AQhKZjRK','1234567','1-1-2000',1)
INSERT INTO TAIKHOAN VALUES('NC5auj1z','1234567','1-1-2000',1)
INSERT INTO TAIKHOAN VALUES('0s6nyDR1','1234567','1-1-2000',1)
INSERT INTO TAIKHOAN VALUES('n3G9Dvcd','1234567','1-1-2000',1)
INSERT INTO TAIKHOAN VALUES('zqdzbzbf','1234567','1-1-2000',1)
INSERT INTO TAIKHOAN VALUES('m6yGRWI4','1234567','1-1-2000',1)
INSERT INTO TAIKHOAN VALUES('KINJoOEj','1234567','1-1-2000',1)
INSERT INTO TAIKHOAN VALUES('KN3w5j5X','1234567','1-1-2000',1)
INSERT INTO TAIKHOAN VALUES('CAVLRcuN','1234567','1-1-2000',1)
INSERT INTO TAIKHOAN VALUES('G01HTBrK','1234567','1-1-2000',1)
INSERT INTO TAIKHOAN VALUES('udueP5WK','1234567','1-1-2000',1)
INSERT INTO TAIKHOAN VALUES('AYckJBoJ','1234567','1-1-2000',1)
INSERT INTO TAIKHOAN VALUES('q0fXLoqB','1234567','1-1-2000',1)
INSERT INTO TAIKHOAN VALUES('AqKSEYW1','1234567','1-1-2000',1)
INSERT INTO TAIKHOAN VALUES('7PCv3bZj','1234567','1-1-2000',1)
INSERT INTO TAIKHOAN VALUES('kmU6r9a8','1234567','1-1-2000',1)
INSERT INTO TAIKHOAN VALUES('6Il87SP6','1234567','1-1-2000',1)
INSERT INTO TAIKHOAN VALUES('Yap7Pi8A','1234567','1-1-2000',1)
INSERT INTO TAIKHOAN VALUES('044lzM9S','1234567','1-1-2000',1)
INSERT INTO TAIKHOAN VALUES('HBWbfYqN','1234567','1-1-2000',1)
INSERT INTO TAIKHOAN VALUES('uyIpxZiv','1234567','1-1-2000',1)
INSERT INTO TAIKHOAN VALUES('kzn57ve2','1234567','1-1-2000',1)
INSERT INTO TAIKHOAN VALUES('LRCJMwDY','1234567','1-1-2000',1)
INSERT INTO TAIKHOAN VALUES('biup1tbj','1234567','1-1-2000',1)
INSERT INTO TAIKHOAN VALUES('Nn6GVmzh','1234567','1-1-2000',1)
INSERT INTO TAIKHOAN VALUES('DDoBSY6j','1234567','1-1-2000',1)
INSERT INTO TAIKHOAN VALUES('bC4kK3jf','1234567','1-1-2000',1)
INSERT INTO TAIKHOAN VALUES('LF8sJstc','1234567','1-1-2000',1)
INSERT INTO TAIKHOAN VALUES('KtLatqxj','1234567','1-1-2000',1)
INSERT INTO TAIKHOAN VALUES('cMoIxZaR','1234567','1-1-2000',1)
INSERT INTO TAIKHOAN VALUES('xzzj03EF','1234567','1-1-2000',1)
INSERT INTO TAIKHOAN VALUES('G4XrkKKj','1234567','1-1-2000',1)
INSERT INTO TAIKHOAN VALUES('HoT0hjW6','1234567','1-1-2000',1)
INSERT INTO TAIKHOAN VALUES('OMWJdAms','1234567','1-1-2000',1)
INSERT INTO TAIKHOAN VALUES('HGbytRuz','1234567','1-1-2000',1)
INSERT INTO TAIKHOAN VALUES('MJJSbDj2','1234567','1-1-2000',1)
INSERT INTO TAIKHOAN VALUES('SWnDtU4j','1234567','1-1-2000',1)
INSERT INTO TAIKHOAN VALUES('6Z26ObyM','1234567','1-1-2000',1)
INSERT INTO TAIKHOAN VALUES('AxOAzKvs','1234567','1-1-2000',1)
INSERT INTO TAIKHOAN VALUES('JWuGz8jn','1234567','1-1-2000',1)
INSERT INTO TAIKHOAN VALUES('KLSQzKc2','1234567','1-1-2000',1)
INSERT INTO TAIKHOAN VALUES('WjG4eoRT','1234567','1-1-2000',1)
INSERT INTO TAIKHOAN VALUES('tIe3G2ce','1234567','1-1-2000',1)
INSERT INTO TAIKHOAN VALUES('YdAy4srx','1234567','1-1-2000',1)
INSERT INTO TAIKHOAN VALUES('UTQtu5kZ','1234567','1-1-2000',1)
INSERT INTO TAIKHOAN VALUES('jyv9mrec','1234567','1-1-2000',1)
INSERT INTO TAIKHOAN VALUES('wT0rdwpK','1234567','1-1-2000',1)
INSERT INTO TAIKHOAN VALUES('eUimunUL','1234567','1-1-2000',1)
INSERT INTO TAIKHOAN VALUES('JZzp1Gcu','1234567','1-1-2000',1)
INSERT INTO TAIKHOAN VALUES('lobIZUZv','1234567','1-1-2000',1)
INSERT INTO TAIKHOAN VALUES('U3QLv8Ve','1234567','1-1-2000',1)
INSERT INTO TAIKHOAN VALUES('vm3KYQhv','1234567','1-1-2000',1)
INSERT INTO TAIKHOAN VALUES('nZHWfTUy','1234567','1-1-2000',1)
INSERT INTO TAIKHOAN VALUES('CC9RmVIK','1234567','1-1-2000',1)
INSERT INTO TAIKHOAN VALUES('SSAIxIih','1234567','1-1-2000',1)
INSERT INTO TAIKHOAN VALUES('N9TPxvXV','1234567','1-1-2000',1)
INSERT INTO TAIKHOAN VALUES('iQDFc0dQ','1234567','1-1-2000',1)
INSERT INTO TAIKHOAN VALUES('3spZbRwy','1234567','1-1-2000',1)
INSERT INTO TAIKHOAN VALUES('Q1qU0GWl','1234567','1-1-2000',1)
INSERT INTO TAIKHOAN VALUES('i2ch58GA','1234567','1-1-2000',1)
INSERT INTO TAIKHOAN VALUES('Wt6oclUD','1234567','1-1-2000',1)
INSERT INTO TAIKHOAN VALUES('B39BEOlK','1234567','1-1-2000',1)
INSERT INTO TAIKHOAN VALUES('BUQDkWcP','1234567','1-1-2000',1)
INSERT INTO TAIKHOAN VALUES('qNwxpW6k','1234567','1-1-2000',1)
INSERT INTO TAIKHOAN VALUES('pc3WsmVW','1234567','1-1-2000',1)
INSERT INTO TAIKHOAN VALUES('ZM0kl936','1234567','1-1-2000',1)
INSERT INTO TAIKHOAN VALUES('FUBoNCIU','1234567','1-1-2000',1)
INSERT INTO TAIKHOAN VALUES('sxEwW7um','1234567','1-1-2000',1)
INSERT INTO TAIKHOAN VALUES('Xjxj1mGr','1234567','1-1-2000',1)
INSERT INTO TAIKHOAN VALUES('Shanm9hE','1234567','1-1-2000',1)
INSERT INTO TAIKHOAN VALUES('p1AbW3s5','1234567','1-1-2000',1)
INSERT INTO TAIKHOAN VALUES('fv5uSDcB','1234567','1-1-2000',1)
INSERT INTO TAIKHOAN VALUES('jc7993rP','1234567','1-1-2000',1)
INSERT INTO TAIKHOAN VALUES('i0QOnufz','1234567','1-1-2000',1)
INSERT INTO TAIKHOAN VALUES('oUqRkTFZ','1234567','1-1-2000',1)
INSERT INTO TAIKHOAN VALUES('BpThOAiW','1234567','1-1-2000',1)
INSERT INTO TAIKHOAN VALUES('0B6oJaVC','1234567','1-1-2000',1)
INSERT INTO TAIKHOAN VALUES('1UO2I8UN','1234567','1-1-2000',1)
INSERT INTO TAIKHOAN VALUES('KfxDaVT6','1234567','1-1-2000',1)
INSERT INTO TAIKHOAN VALUES('j8A5XUlE','1234567','1-1-2000',1)
INSERT INTO TAIKHOAN VALUES('VdpVWWV0','1234567','1-1-2000',1)
INSERT INTO TAIKHOAN VALUES('AIAqhjI9','1234567','1-1-2000',1)
INSERT INTO TAIKHOAN VALUES('jF5G0MaX','1234567','1-1-2000',1)
INSERT INTO TAIKHOAN VALUES('6jkO1KxQ','1234567','1-1-2000',1)
INSERT INTO TAIKHOAN VALUES('oZ37F5Dq','1234567','1-1-2000',1)
INSERT INTO TAIKHOAN VALUES('iUlLuzHs','1234567','1-1-2000',1)
INSERT INTO TAIKHOAN VALUES('OIdVwKj4','1234567','1-1-2000',1)
INSERT INTO TAIKHOAN VALUES('2hfTzU03','1234567','1-1-2000',1)
INSERT INTO TAIKHOAN VALUES('qZKYqB51','1234567','1-1-2000',1)
INSERT INTO TAIKHOAN VALUES('sTXAEhCJ','1234567','1-1-2000',1)
INSERT INTO TAIKHOAN VALUES('hnLrItAc','1234567','1-1-2000',1)
INSERT INTO TAIKHOAN VALUES('MKA9UPjn','1234567','1-1-2000',1)
INSERT INTO TAIKHOAN VALUES('cUamFodb','1234567','1-1-2000',1)
INSERT INTO TAIKHOAN VALUES('458uUZv3','1234567','1-1-2000',1)
INSERT INTO TAIKHOAN VALUES('U4nFOejN','1234567','1-1-2000',1)
INSERT INTO TAIKHOAN VALUES('43KqWf25','1234567','1-1-2000',1)
INSERT INTO TAIKHOAN VALUES('weWADiwt','1234567','1-1-2000',1)
INSERT INTO TAIKHOAN VALUES('S03iPzOP','1234567','1-1-2000',1)
INSERT INTO TAIKHOAN VALUES('vtq62KBK','1234567','1-1-2000',1)
INSERT INTO TAIKHOAN VALUES('xo5tZTMA','1234567','1-1-2000',1)
INSERT INTO TAIKHOAN VALUES('nFED3eiV','1234567','1-1-2000',1)
INSERT INTO TAIKHOAN VALUES('tMAhfV40','1234567','1-1-2000',1)
INSERT INTO TAIKHOAN VALUES('JMkQTr7j','1234567','1-1-2000',1)
INSERT INTO TAIKHOAN VALUES('urfiYDnT','1234567','1-1-2000',1)
INSERT INTO TAIKHOAN VALUES('pL4My5Bo','1234567','1-1-2000',1)
INSERT INTO TAIKHOAN VALUES('Od5Ywnbh','1234567','1-1-2000',1)
INSERT INTO TAIKHOAN VALUES('hX28OEXR','1234567','1-1-2000',1)
---insert bang GIAN_hang
INSERT INTO GIAN_HANG VALUES('17409488', '023456781', 'POIUYT@POIU.COM', '01-01-2000', 5)
INSERT INTO GIAN_HANG VALUES('24551711', '023456782', 'POIUYT@POIU.COM', '01-01-2000', 5)
INSERT INTO GIAN_HANG VALUES('52761423', '023456783', 'POIUYT@POIU.COM', '01-01-2000', 5)
INSERT INTO GIAN_HANG VALUES('22168576', '023456784', 'POIUYT@POIU.COM', '01-01-2000', 5)
INSERT INTO GIAN_HANG VALUES('18927954', '023456785', 'POIUYT@POIU.COM', '01-01-2000', 5)
--insert bang DANHMUC
INSERT INTO DANHMUC VALUES('wiovtsna', 'Hang Hoa1', 'abcxyzdghiklm')
INSERT INTO DANHMUC VALUES('vwpfoghi', 'Hang Hoa2', 'abcxyzdghiklm')
INSERT INTO DANHMUC VALUES('opuukktg', 'Hang Hoa3', 'abcxyzdghiklm')
INSERT INTO DANHMUC VALUES('vonfwiin', 'Hang Hoa4', 'abcxyzdghiklm')
INSERT INTO DANHMUC VALUES('ikaefhed', 'Hang Hoa5', 'abcxyzdghiklm')
INSERT INTO DANHMUC VALUES('tumkncae', 'Hang Hoa6', 'abcxyzdghiklm')
INSERT INTO DANHMUC VALUES('ibmihudh', 'Hang Hoa7', 'abcxyzdghiklm')
INSERT INTO DANHMUC VALUES('iuvblmpq', 'Hang Hoa8', 'abcxyzdghiklm')
INSERT INTO DANHMUC VALUES('qolthlwn', 'Hang Hoa9', 'abcxyzdghiklm')
INSERT INTO DANHMUC VALUES('pklwnanw', 'Hang Hoa10', 'abcxyzdghiklm')
INSERT INTO DANHMUC VALUES('qcuedtlf', 'Hang Hoa11', 'abcxyzdghiklm')
INSERT INTO DANHMUC VALUES('isuqpepo', 'Hang Hoa12', 'abcxyzdghiklm')
INSERT INTO DANHMUC VALUES('mdupdpvg', 'Hang Hoa13', 'abcxyzdghiklm')
INSERT INTO DANHMUC VALUES('duntfact', 'Hang Hoa14', 'abcxyzdghiklm')
INSERT INTO DANHMUC VALUES('cenncnqg', 'Hang Hoa15', 'abcxyzdghiklm')
INSERT INTO DANHMUC VALUES('eufkmiko', 'Hang Hoa16', 'abcxyzdghiklm')
INSERT INTO DANHMUC VALUES('wvisqlbh', 'Hang Hoa17', 'abcxyzdghiklm')
INSERT INTO DANHMUC VALUES('gplubcnk', 'Hang Hoa18', 'abcxyzdghiklm')
INSERT INTO DANHMUC VALUES('pfspidtv', 'Hang Hoa19', 'abcxyzdghiklm')
INSERT INTO DANHMUC VALUES('tlnwuwkt', 'Hang Hoa20', 'abcxyzdghiklm')
--insert bang GIAMGIA
INSERT INTO GIAMGIA VALUES('wiovtsna',1, 10, '1-1-2000','1-1-2001') 
INSERT INTO GIAMGIA VALUES('vwpfoghi',1, 20, '1-1-2000','1-1-2001') 
INSERT INTO GIAMGIA VALUES('opuukktg',1, 30, '1-1-2000','1-1-2001') 
INSERT INTO GIAMGIA VALUES('vonfwiin',1, 40, '1-1-2000','1-1-2001') 
INSERT INTO GIAMGIA VALUES('ikaefhed',1, 50, '1-1-2000','1-1-2001') 
INSERT INTO GIAMGIA VALUES('tumkncae',1, 60, '1-1-2000','1-1-2001') 
INSERT INTO GIAMGIA VALUES('ibmihudh',1, 70, '1-1-2000','1-1-2001') 
INSERT INTO GIAMGIA VALUES('iuvblmpq',1, 80, '1-1-2000','1-1-2001') 
INSERT INTO GIAMGIA VALUES('qolthlwn',1, 90, '1-1-2000','1-1-2001') 
INSERT INTO GIAMGIA VALUES('pklwnanw',1, 100, '1-1-2000','1-1-2001') 
--insert bang SANPHAM
INSERT INTO SANPHAM VALUES('17409488','17409488','SanPham0',500.000,1000,'wiovtsna',150,'hang dep')
INSERT INTO SANPHAM VALUES('24551711','17409488','SanPham1',500.000,1000,'wiovtsna',150,'hang dep')
INSERT INTO SANPHAM VALUES('52761423','17409488','SanPham2',500.000,1000,'wiovtsna',150,'hang dep')
INSERT INTO SANPHAM VALUES('22168576','17409488','SanPham3',500.000,1000,'wiovtsna',150,'hang dep')
INSERT INTO SANPHAM VALUES('18927954','17409488','SanPham4',500.000,1000,'wiovtsna',150,'hang dep')
INSERT INTO SANPHAM VALUES('31233411','17409488','SanPham5',500.000,1000,'wiovtsna',150,'hang dep')
INSERT INTO SANPHAM VALUES('38742779','17409488','SanPham6',500.000,1000,'wiovtsna',150,'hang dep')
INSERT INTO SANPHAM VALUES('31986502','17409488','SanPham7',500.000,1000,'wiovtsna',150,'hang dep')
INSERT INTO SANPHAM VALUES('86024865','17409488','SanPham8',500.000,1000,'wiovtsna',150,'hang dep')
INSERT INTO SANPHAM VALUES('09006138','17409488','SanPham9',500.000,1000,'wiovtsna',150,'hang dep')
INSERT INTO SANPHAM VALUES('93446066','17409488','SanPham10',500.000,1000,'wiovtsna',150,'hang dep')
INSERT INTO SANPHAM VALUES('18496378','17409488','SanPham11',500.000,1000,'wiovtsna',150,'hang dep')
INSERT INTO SANPHAM VALUES('82913598','17409488','SanPham12',500.000,1000,'wiovtsna',150,'hang dep')
INSERT INTO SANPHAM VALUES('40763615','17409488','SanPham13',500.000,1000,'wiovtsna',150,'hang dep')
INSERT INTO SANPHAM VALUES('42097372','17409488','SanPham14',500.000,1000,'wiovtsna',150,'hang dep')
INSERT INTO SANPHAM VALUES('60165754','17409488','SanPham15',500.000,1000,'wiovtsna',150,'hang dep')
INSERT INTO SANPHAM VALUES('12001460','17409488','SanPham16',500.000,1000,'wiovtsna',150,'hang dep')
INSERT INTO SANPHAM VALUES('71777733','17409488','SanPham17',500.000,1000,'wiovtsna',150,'hang dep')
INSERT INTO SANPHAM VALUES('59981826','17409488','SanPham18',500.000,1000,'wiovtsna',150,'hang dep')
INSERT INTO SANPHAM VALUES('60380125','17409488','SanPham19',500.000,1000,'wiovtsna',150,'hang dep')
INSERT INTO SANPHAM VALUES('09478351','17409488','SanPham20',500.000,1000,'wiovtsna',150,'hang dep')
INSERT INTO SANPHAM VALUES('20164061','17409488','SanPham21',500.000,1000,'wiovtsna',150,'hang dep')
INSERT INTO SANPHAM VALUES('89841439','17409488','SanPham22',500.000,1000,'wiovtsna',150,'hang dep')
INSERT INTO SANPHAM VALUES('88087783','17409488','SanPham23',500.000,1000,'wiovtsna',150,'hang dep')
INSERT INTO SANPHAM VALUES('83710734','17409488','SanPham24',500.000,1000,'wiovtsna',150,'hang dep')
INSERT INTO SANPHAM VALUES('96510996','17409488','SanPham25',500.000,1000,'wiovtsna',150,'hang dep')
INSERT INTO SANPHAM VALUES('83484992','17409488','SanPham26',500.000,1000,'wiovtsna',150,'hang dep')
INSERT INTO SANPHAM VALUES('55333743','17409488','SanPham27',500.000,1000,'wiovtsna',150,'hang dep')
INSERT INTO SANPHAM VALUES('80880681','17409488','SanPham28',500.000,1000,'wiovtsna',150,'hang dep')
INSERT INTO SANPHAM VALUES('98972282','17409488','SanPham29',500.000,1000,'wiovtsna',150,'hang dep')
INSERT INTO SANPHAM VALUES('89078158','17409488','SanPham30',500.000,1000,'wiovtsna',150,'hang dep')
INSERT INTO SANPHAM VALUES('61242586','17409488','SanPham31',500.000,1000,'wiovtsna',150,'hang dep')
INSERT INTO SANPHAM VALUES('26539246','17409488','SanPham32',500.000,1000,'wiovtsna',150,'hang dep')
INSERT INTO SANPHAM VALUES('18211976','17409488','SanPham33',500.000,1000,'wiovtsna',150,'hang dep')
INSERT INTO SANPHAM VALUES('29520039','17409488','SanPham34',500.000,1000,'wiovtsna',150,'hang dep')
INSERT INTO SANPHAM VALUES('18195325','17409488','SanPham35',500.000,1000,'wiovtsna',150,'hang dep')
INSERT INTO SANPHAM VALUES('25867722','17409488','SanPham36',500.000,1000,'wiovtsna',150,'hang dep')
INSERT INTO SANPHAM VALUES('94196982','17409488','SanPham37',500.000,1000,'wiovtsna',150,'hang dep')
INSERT INTO SANPHAM VALUES('55491250','17409488','SanPham38',500.000,1000,'wiovtsna',150,'hang dep')
INSERT INTO SANPHAM VALUES('83939679','17409488','SanPham39',500.000,1000,'wiovtsna',150,'hang dep')
INSERT INTO SANPHAM VALUES('97693576','17409488','SanPham40',500.000,1000,'wiovtsna',150,'hang dep')
INSERT INTO SANPHAM VALUES('65825441','17409488','SanPham41',500.000,1000,'wiovtsna',150,'hang dep')
INSERT INTO SANPHAM VALUES('61633553','17409488','SanPham42',500.000,1000,'wiovtsna',150,'hang dep')
INSERT INTO SANPHAM VALUES('28253618','17409488','SanPham43',500.000,1000,'wiovtsna',150,'hang dep')
INSERT INTO SANPHAM VALUES('62146291','17409488','SanPham44',500.000,1000,'wiovtsna',150,'hang dep')
INSERT INTO SANPHAM VALUES('50364929','17409488','SanPham45',500.000,1000,'wiovtsna',150,'hang dep')
INSERT INTO SANPHAM VALUES('34405963','17409488','SanPham46',500.000,1000,'wiovtsna',150,'hang dep')
INSERT INTO SANPHAM VALUES('42887581','17409488','SanPham47',500.000,1000,'wiovtsna',150,'hang dep')
INSERT INTO SANPHAM VALUES('25744444','17409488','SanPham48',500.000,1000,'wiovtsna',150,'hang dep')
INSERT INTO SANPHAM VALUES('29307787','17409488','SanPham49',500.000,1000,'wiovtsna',150,'hang dep')
INSERT INTO SANPHAM VALUES('30382520','17409488','SanPham50',500.000,1000,'wiovtsna',150,'hang dep')
INSERT INTO SANPHAM VALUES('37297534','17409488','SanPham51',500.000,1000,'wiovtsna',150,'hang dep')
INSERT INTO SANPHAM VALUES('32113253','17409488','SanPham52',500.000,1000,'wiovtsna',150,'hang dep')
INSERT INTO SANPHAM VALUES('51222640','17409488','SanPham53',500.000,1000,'wiovtsna',150,'hang dep')
INSERT INTO SANPHAM VALUES('70340053','17409488','SanPham54',500.000,1000,'wiovtsna',150,'hang dep')
INSERT INTO SANPHAM VALUES('10675004','17409488','SanPham55',500.000,1000,'wiovtsna',150,'hang dep')
INSERT INTO SANPHAM VALUES('54956482','17409488','SanPham56',500.000,1000,'wiovtsna',150,'hang dep')
INSERT INTO SANPHAM VALUES('16831484','17409488','SanPham57',500.000,1000,'wiovtsna',150,'hang dep')
INSERT INTO SANPHAM VALUES('92070607','17409488','SanPham58',500.000,1000,'wiovtsna',150,'hang dep')
INSERT INTO SANPHAM VALUES('05673849','17409488','SanPham59',500.000,1000,'wiovtsna',150,'hang dep')
INSERT INTO SANPHAM VALUES('26577457','17409488','SanPham60',500.000,1000,'wiovtsna',150,'hang dep')
INSERT INTO SANPHAM VALUES('98302236','17409488','SanPham61',500.000,1000,'wiovtsna',150,'hang dep')
INSERT INTO SANPHAM VALUES('71554026','17409488','SanPham62',500.000,1000,'wiovtsna',150,'hang dep')
INSERT INTO SANPHAM VALUES('06111730','17409488','SanPham63',500.000,1000,'wiovtsna',150,'hang dep')
INSERT INTO SANPHAM VALUES('04830129','17409488','SanPham64',500.000,1000,'wiovtsna',150,'hang dep')
INSERT INTO SANPHAM VALUES('03885770','17409488','SanPham65',500.000,1000,'wiovtsna',150,'hang dep')
INSERT INTO SANPHAM VALUES('89307478','17409488','SanPham66',500.000,1000,'wiovtsna',150,'hang dep')
INSERT INTO SANPHAM VALUES('37100834','17409488','SanPham67',500.000,1000,'wiovtsna',150,'hang dep')
INSERT INTO SANPHAM VALUES('50145620','17409488','SanPham68',500.000,1000,'wiovtsna',150,'hang dep')
INSERT INTO SANPHAM VALUES('35666767','17409488','SanPham69',500.000,1000,'wiovtsna',150,'hang dep')
INSERT INTO SANPHAM VALUES('71916272','17409488','SanPham70',500.000,1000,'wiovtsna',150,'hang dep')
INSERT INTO SANPHAM VALUES('76513995','17409488','SanPham71',500.000,1000,'wiovtsna',150,'hang dep')
INSERT INTO SANPHAM VALUES('92653244','17409488','SanPham72',500.000,1000,'wiovtsna',150,'hang dep')
INSERT INTO SANPHAM VALUES('42792373','17409488','SanPham73',500.000,1000,'wiovtsna',150,'hang dep')
INSERT INTO SANPHAM VALUES('15785832','17409488','SanPham74',500.000,1000,'wiovtsna',150,'hang dep')
INSERT INTO SANPHAM VALUES('41159510','17409488','SanPham75',500.000,1000,'wiovtsna',150,'hang dep')
INSERT INTO SANPHAM VALUES('64530891','17409488','SanPham76',500.000,1000,'wiovtsna',150,'hang dep')
INSERT INTO SANPHAM VALUES('34746365','17409488','SanPham77',500.000,1000,'wiovtsna',150,'hang dep')
INSERT INTO SANPHAM VALUES('28103155','17409488','SanPham78',500.000,1000,'wiovtsna',150,'hang dep')
INSERT INTO SANPHAM VALUES('22174823','17409488','SanPham79',500.000,1000,'wiovtsna',150,'hang dep')
INSERT INTO SANPHAM VALUES('63035280','17409488','SanPham80',500.000,1000,'wiovtsna',150,'hang dep')
INSERT INTO SANPHAM VALUES('72259108','17409488','SanPham81',500.000,1000,'wiovtsna',150,'hang dep')
INSERT INTO SANPHAM VALUES('50790534','17409488','SanPham82',500.000,1000,'wiovtsna',150,'hang dep')
INSERT INTO SANPHAM VALUES('10485925','17409488','SanPham83',500.000,1000,'wiovtsna',150,'hang dep')
INSERT INTO SANPHAM VALUES('41395827','17409488','SanPham84',500.000,1000,'wiovtsna',150,'hang dep')
INSERT INTO SANPHAM VALUES('96177190','17409488','SanPham85',500.000,1000,'wiovtsna',150,'hang dep')
INSERT INTO SANPHAM VALUES('34175332','17409488','SanPham86',500.000,1000,'wiovtsna',150,'hang dep')
INSERT INTO SANPHAM VALUES('41290874','17409488','SanPham87',500.000,1000,'wiovtsna',150,'hang dep')
INSERT INTO SANPHAM VALUES('56807743','17409488','SanPham88',500.000,1000,'wiovtsna',150,'hang dep')
INSERT INTO SANPHAM VALUES('13630190','17409488','SanPham89',500.000,1000,'wiovtsna',150,'hang dep')
INSERT INTO SANPHAM VALUES('42931482','17409488','SanPham90',500.000,1000,'wiovtsna',150,'hang dep')
INSERT INTO SANPHAM VALUES('05593287','17409488','SanPham91',500.000,1000,'wiovtsna',150,'hang dep')
INSERT INTO SANPHAM VALUES('48143552','17409488','SanPham92',500.000,1000,'wiovtsna',150,'hang dep')
INSERT INTO SANPHAM VALUES('68929594','17409488','SanPham93',500.000,1000,'wiovtsna',150,'hang dep')
INSERT INTO SANPHAM VALUES('50588013','17409488','SanPham94',500.000,1000,'wiovtsna',150,'hang dep')
INSERT INTO SANPHAM VALUES('22270313','17409488','SanPham95',500.000,1000,'wiovtsna',150,'hang dep')
INSERT INTO SANPHAM VALUES('37095583','17409488','SanPham96',500.000,1000,'wiovtsna',150,'hang dep')
INSERT INTO SANPHAM VALUES('78379391','17409488','SanPham97',500.000,1000,'wiovtsna',150,'hang dep')
INSERT INTO SANPHAM VALUES('82801848','17409488','SanPham98',500.000,1000,'wiovtsna',150,'hang dep')
INSERT INTO SANPHAM VALUES('60930087','17409488','SanPham99',500.000,1000,'wiovtsna',150,'hang dep')
INSERT INTO SANPHAM VALUES('63565839','17409488','SanPham100',500.000,1000,'wiovtsna',150,'hang dep')
INSERT INTO SANPHAM VALUES('48397645','17409488','SanPham101',500.000,1000,'wiovtsna',150,'hang dep')
INSERT INTO SANPHAM VALUES('86155196','17409488','SanPham102',500.000,1000,'wiovtsna',150,'hang dep')
INSERT INTO SANPHAM VALUES('45425326','17409488','SanPham103',500.000,1000,'wiovtsna',150,'hang dep')
INSERT INTO SANPHAM VALUES('82663945','17409488','SanPham104',500.000,1000,'wiovtsna',150,'hang dep')
INSERT INTO SANPHAM VALUES('62535661','17409488','SanPham105',500.000,1000,'wiovtsna',150,'hang dep')
INSERT INTO SANPHAM VALUES('44626825','17409488','SanPham106',500.000,1000,'wiovtsna',150,'hang dep')
INSERT INTO SANPHAM VALUES('51015176','17409488','SanPham107',500.000,1000,'wiovtsna',150,'hang dep')
INSERT INTO SANPHAM VALUES('00243362','17409488','SanPham108',500.000,1000,'wiovtsna',150,'hang dep')
INSERT INTO SANPHAM VALUES('82343436','17409488','SanPham109',500.000,1000,'wiovtsna',150,'hang dep')
INSERT INTO SANPHAM VALUES('84739800','17409488','SanPham110',500.000,1000,'wiovtsna',150,'hang dep')
INSERT INTO SANPHAM VALUES('88051436','17409488','SanPham111',500.000,1000,'wiovtsna',150,'hang dep')
INSERT INTO SANPHAM VALUES('39219823','17409488','SanPham112',500.000,1000,'wiovtsna',150,'hang dep')
INSERT INTO SANPHAM VALUES('40231989','17409488','SanPham113',500.000,1000,'wiovtsna',150,'hang dep')
INSERT INTO SANPHAM VALUES('89135142','17409488','SanPham114',500.000,1000,'wiovtsna',150,'hang dep')
INSERT INTO SANPHAM VALUES('53892870','17409488','SanPham115',500.000,1000,'wiovtsna',150,'hang dep')
INSERT INTO SANPHAM VALUES('14819359','17409488','SanPham116',500.000,1000,'wiovtsna',150,'hang dep')
INSERT INTO SANPHAM VALUES('79801475','17409488','SanPham117',500.000,1000,'wiovtsna',150,'hang dep')
INSERT INTO SANPHAM VALUES('55092824','17409488','SanPham118',500.000,1000,'wiovtsna',150,'hang dep')
INSERT INTO SANPHAM VALUES('50440511','17409488','SanPham119',500.000,1000,'wiovtsna',150,'hang dep')
INSERT INTO SANPHAM VALUES('59083872','17409488','SanPham120',500.000,1000,'wiovtsna',150,'hang dep')
INSERT INTO SANPHAM VALUES('69381033','17409488','SanPham121',500.000,1000,'wiovtsna',150,'hang dep')
INSERT INTO SANPHAM VALUES('84801541','17409488','SanPham122',500.000,1000,'wiovtsna',150,'hang dep')
INSERT INTO SANPHAM VALUES('37358569','17409488','SanPham123',500.000,1000,'wiovtsna',150,'hang dep')
INSERT INTO SANPHAM VALUES('08936069','17409488','SanPham124',500.000,1000,'wiovtsna',150,'hang dep')
INSERT INTO SANPHAM VALUES('78941566','17409488','SanPham125',500.000,1000,'wiovtsna',150,'hang dep')
INSERT INTO SANPHAM VALUES('66671406','17409488','SanPham126',500.000,1000,'wiovtsna',150,'hang dep')
INSERT INTO SANPHAM VALUES('12149523','17409488','SanPham127',500.000,1000,'wiovtsna',150,'hang dep')
INSERT INTO SANPHAM VALUES('41523168','17409488','SanPham128',500.000,1000,'wiovtsna',150,'hang dep')
INSERT INTO SANPHAM VALUES('82771260','17409488','SanPham129',500.000,1000,'wiovtsna',150,'hang dep')
INSERT INTO SANPHAM VALUES('49460362','17409488','SanPham130',500.000,1000,'wiovtsna',150,'hang dep')
INSERT INTO SANPHAM VALUES('45881214','17409488','SanPham131',500.000,1000,'wiovtsna',150,'hang dep')
INSERT INTO SANPHAM VALUES('98245299','17409488','SanPham132',500.000,1000,'wiovtsna',150,'hang dep')
INSERT INTO SANPHAM VALUES('83869866','17409488','SanPham133',500.000,1000,'wiovtsna',150,'hang dep')
INSERT INTO SANPHAM VALUES('23826275','17409488','SanPham134',500.000,1000,'wiovtsna',150,'hang dep')
INSERT INTO SANPHAM VALUES('78278020','17409488','SanPham135',500.000,1000,'wiovtsna',150,'hang dep')
INSERT INTO SANPHAM VALUES('89282055','17409488','SanPham136',500.000,1000,'wiovtsna',150,'hang dep')
INSERT INTO SANPHAM VALUES('27678781','17409488','SanPham137',500.000,1000,'wiovtsna',150,'hang dep')
INSERT INTO SANPHAM VALUES('60958900','17409488','SanPham138',500.000,1000,'wiovtsna',150,'hang dep')
INSERT INTO SANPHAM VALUES('07255214','17409488','SanPham139',500.000,1000,'wiovtsna',150,'hang dep')
INSERT INTO SANPHAM VALUES('86468983','17409488','SanPham140',500.000,1000,'wiovtsna',150,'hang dep')
INSERT INTO SANPHAM VALUES('55155840','17409488','SanPham141',500.000,1000,'wiovtsna',150,'hang dep')
INSERT INTO SANPHAM VALUES('54721499','17409488','SanPham142',500.000,1000,'wiovtsna',150,'hang dep')
INSERT INTO SANPHAM VALUES('03035076','17409488','SanPham143',500.000,1000,'wiovtsna',150,'hang dep')
INSERT INTO SANPHAM VALUES('78364419','17409488','SanPham144',500.000,1000,'wiovtsna',150,'hang dep')
INSERT INTO SANPHAM VALUES('55747340','17409488','SanPham145',500.000,1000,'wiovtsna',150,'hang dep')
INSERT INTO SANPHAM VALUES('88152324','17409488','SanPham146',500.000,1000,'wiovtsna',150,'hang dep')
INSERT INTO SANPHAM VALUES('66629049','17409488','SanPham147',500.000,1000,'wiovtsna',150,'hang dep')
INSERT INTO SANPHAM VALUES('31199555','17409488','SanPham148',500.000,1000,'wiovtsna',150,'hang dep')
INSERT INTO SANPHAM VALUES('60594634','17409488','SanPham149',500.000,1000,'wiovtsna',150,'hang dep')
INSERT INTO SANPHAM VALUES('90539128','17409488','SanPham150',500.000,1000,'wiovtsna',150,'hang dep')
INSERT INTO SANPHAM VALUES('81860249','17409488','SanPham151',500.000,1000,'wiovtsna',150,'hang dep')
INSERT INTO SANPHAM VALUES('02215444','17409488','SanPham152',500.000,1000,'wiovtsna',150,'hang dep')
INSERT INTO SANPHAM VALUES('25042127','17409488','SanPham153',500.000,1000,'wiovtsna',150,'hang dep')
INSERT INTO SANPHAM VALUES('79554034','17409488','SanPham154',500.000,1000,'wiovtsna',150,'hang dep')
INSERT INTO SANPHAM VALUES('12298227','17409488','SanPham155',500.000,1000,'wiovtsna',150,'hang dep')
INSERT INTO SANPHAM VALUES('85839446','17409488','SanPham156',500.000,1000,'wiovtsna',150,'hang dep')
INSERT INTO SANPHAM VALUES('98566072','17409488','SanPham157',500.000,1000,'wiovtsna',150,'hang dep')
INSERT INTO SANPHAM VALUES('72647132','17409488','SanPham158',500.000,1000,'wiovtsna',150,'hang dep')
INSERT INTO SANPHAM VALUES('16383286','17409488','SanPham159',500.000,1000,'wiovtsna',150,'hang dep')
INSERT INTO SANPHAM VALUES('01260546','17409488','SanPham160',500.000,1000,'wiovtsna',150,'hang dep')
INSERT INTO SANPHAM VALUES('79347881','17409488','SanPham161',500.000,1000,'wiovtsna',150,'hang dep')
INSERT INTO SANPHAM VALUES('63876172','17409488','SanPham162',500.000,1000,'wiovtsna',150,'hang dep')
INSERT INTO SANPHAM VALUES('37858587','17409488','SanPham163',500.000,1000,'wiovtsna',150,'hang dep')
INSERT INTO SANPHAM VALUES('33108109','17409488','SanPham164',500.000,1000,'wiovtsna',150,'hang dep')
INSERT INTO SANPHAM VALUES('24915733','17409488','SanPham165',500.000,1000,'wiovtsna',150,'hang dep')
INSERT INTO SANPHAM VALUES('42201277','17409488','SanPham166',500.000,1000,'wiovtsna',150,'hang dep')
INSERT INTO SANPHAM VALUES('02410373','17409488','SanPham167',500.000,1000,'wiovtsna',150,'hang dep')
INSERT INTO SANPHAM VALUES('95972028','17409488','SanPham168',500.000,1000,'wiovtsna',150,'hang dep')
INSERT INTO SANPHAM VALUES('67081830','17409488','SanPham169',500.000,1000,'wiovtsna',150,'hang dep')
INSERT INTO SANPHAM VALUES('36202841','17409488','SanPham170',500.000,1000,'wiovtsna',150,'hang dep')
INSERT INTO SANPHAM VALUES('83758170','17409488','SanPham171',500.000,1000,'wiovtsna',150,'hang dep')
INSERT INTO SANPHAM VALUES('48813678','17409488','SanPham172',500.000,1000,'wiovtsna',150,'hang dep')
INSERT INTO SANPHAM VALUES('95556630','17409488','SanPham173',500.000,1000,'wiovtsna',150,'hang dep')
INSERT INTO SANPHAM VALUES('08823065','17409488','SanPham174',500.000,1000,'wiovtsna',150,'hang dep')
INSERT INTO SANPHAM VALUES('09722829','17409488','SanPham175',500.000,1000,'wiovtsna',150,'hang dep')
INSERT INTO SANPHAM VALUES('44827258','17409488','SanPham176',500.000,1000,'wiovtsna',150,'hang dep')
INSERT INTO SANPHAM VALUES('47395190','17409488','SanPham177',500.000,1000,'wiovtsna',150,'hang dep')
INSERT INTO SANPHAM VALUES('28314310','17409488','SanPham178',500.000,1000,'wiovtsna',150,'hang dep')
INSERT INTO SANPHAM VALUES('40790814','17409488','SanPham179',500.000,1000,'wiovtsna',150,'hang dep')
INSERT INTO SANPHAM VALUES('07953823','17409488','SanPham180',500.000,1000,'wiovtsna',150,'hang dep')
INSERT INTO SANPHAM VALUES('21040759','17409488','SanPham181',500.000,1000,'wiovtsna',150,'hang dep')
INSERT INTO SANPHAM VALUES('05120989','17409488','SanPham182',500.000,1000,'wiovtsna',150,'hang dep')
INSERT INTO SANPHAM VALUES('17330766','17409488','SanPham183',500.000,1000,'wiovtsna',150,'hang dep')
INSERT INTO SANPHAM VALUES('02898999','17409488','SanPham184',500.000,1000,'wiovtsna',150,'hang dep')
INSERT INTO SANPHAM VALUES('42087873','17409488','SanPham185',500.000,1000,'wiovtsna',150,'hang dep')
INSERT INTO SANPHAM VALUES('07642191','17409488','SanPham186',500.000,1000,'wiovtsna',150,'hang dep')
INSERT INTO SANPHAM VALUES('60336221','17409488','SanPham187',500.000,1000,'wiovtsna',150,'hang dep')
INSERT INTO SANPHAM VALUES('43260549','17409488','SanPham188',500.000,1000,'wiovtsna',150,'hang dep')
INSERT INTO SANPHAM VALUES('60827407','17409488','SanPham189',500.000,1000,'wiovtsna',150,'hang dep')
INSERT INTO SANPHAM VALUES('60129385','17409488','SanPham190',500.000,1000,'wiovtsna',150,'hang dep')
INSERT INTO SANPHAM VALUES('15668898','17409488','SanPham191',500.000,1000,'wiovtsna',150,'hang dep')
INSERT INTO SANPHAM VALUES('70791586','17409488','SanPham192',500.000,1000,'wiovtsna',150,'hang dep')
INSERT INTO SANPHAM VALUES('39453823','17409488','SanPham193',500.000,1000,'wiovtsna',150,'hang dep')
INSERT INTO SANPHAM VALUES('94851328','17409488','SanPham194',500.000,1000,'wiovtsna',150,'hang dep')
INSERT INTO SANPHAM VALUES('16467796','17409488','SanPham195',500.000,1000,'wiovtsna',150,'hang dep')
INSERT INTO SANPHAM VALUES('41926315','17409488','SanPham196',500.000,1000,'wiovtsna',150,'hang dep')
INSERT INTO SANPHAM VALUES('97026176','17409488','SanPham197',500.000,1000,'wiovtsna',150,'hang dep')
INSERT INTO SANPHAM VALUES('25340755','17409488','SanPham198',500.000,1000,'wiovtsna',150,'hang dep')
INSERT INTO SANPHAM VALUES('31888017','17409488','SanPham199',500.000,1000,'wiovtsna',150,'hang dep')

--insert bang GIOHANG

INSERT INTO GIOHANG VALUES('HFLP3SWS',0)
INSERT INTO GIOHANG VALUES('AU33179Q',0)
INSERT INTO GIOHANG VALUES('DI96ZU2T',0)
INSERT INTO GIOHANG VALUES('WGOS8FHA',0)
INSERT INTO GIOHANG VALUES('QN9Y7TBA',0)
INSERT INTO GIOHANG VALUES('HMIF3GM3',0)
INSERT INTO GIOHANG VALUES('9AOCYQMH',0)
INSERT INTO GIOHANG VALUES('VTZ6IKYG',0)
INSERT INTO GIOHANG VALUES('SS6AWEIF',0)
INSERT INTO GIOHANG VALUES('N72SN1QN',0)
INSERT INTO GIOHANG VALUES('MKN6YIC8',0)
INSERT INTO GIOHANG VALUES('12NDLB5S',0)
INSERT INTO GIOHANG VALUES('CIOTFFQL',0)
INSERT INTO GIOHANG VALUES('2CD4VPZQ',0)
INSERT INTO GIOHANG VALUES('68PQVB7Y',0)
INSERT INTO GIOHANG VALUES('S6QETQ1C',0)
INSERT INTO GIOHANG VALUES('VSP4K826',0)
INSERT INTO GIOHANG VALUES('79XQXOKO',0)
INSERT INTO GIOHANG VALUES('VBMAO060',0)
INSERT INTO GIOHANG VALUES('AI16SV4Z',0)
INSERT INTO GIOHANG VALUES('CBSB2ZX5',0)
INSERT INTO GIOHANG VALUES('8GZ80EGT',0)
INSERT INTO GIOHANG VALUES('NMSEVIV3',0)
INSERT INTO GIOHANG VALUES('A08PF1YB',0)
INSERT INTO GIOHANG VALUES('8K1H6X94',0)
INSERT INTO GIOHANG VALUES('5A7K6O5E',0)
INSERT INTO GIOHANG VALUES('UKC26D54',0)
INSERT INTO GIOHANG VALUES('9T951ZGT',0)
INSERT INTO GIOHANG VALUES('CG4YLIIQ',0)
INSERT INTO GIOHANG VALUES('F031E2IU',0)
INSERT INTO GIOHANG VALUES('WFAKCD3G',0)
INSERT INTO GIOHANG VALUES('PVUS656C',0)
INSERT INTO GIOHANG VALUES('N0FKTPLY',0)
INSERT INTO GIOHANG VALUES('VEWV1XXU',0)
INSERT INTO GIOHANG VALUES('NMKCS41K',0)
INSERT INTO GIOHANG VALUES('MAF7ZBEM',0)
INSERT INTO GIOHANG VALUES('IT0LZ1G2',0)
INSERT INTO GIOHANG VALUES('XNTVUQY6',0)
INSERT INTO GIOHANG VALUES('FQA152XG',0)
INSERT INTO GIOHANG VALUES('2OZO3W3T',0)
INSERT INTO GIOHANG VALUES('H5L5ZH9S',0)
INSERT INTO GIOHANG VALUES('8ZI6M62F',0)
INSERT INTO GIOHANG VALUES('C9GZ5MH3',0)
INSERT INTO GIOHANG VALUES('466B5N9I',0)
INSERT INTO GIOHANG VALUES('SAF6I2ZV',0)
INSERT INTO GIOHANG VALUES('3SX4IBLX',0)
INSERT INTO GIOHANG VALUES('Q8I8VM4T',0)
INSERT INTO GIOHANG VALUES('WG2LVMGO',0)
INSERT INTO GIOHANG VALUES('CX148U2A',0)
INSERT INTO GIOHANG VALUES('47BWHKET',0)
INSERT INTO GIOHANG VALUES('1E5SYMIP',0)
INSERT INTO GIOHANG VALUES('HMIV5HOW',0)
INSERT INTO GIOHANG VALUES('HUFD545V',0)
INSERT INTO GIOHANG VALUES('OK2GUGIN',0)
INSERT INTO GIOHANG VALUES('M6HA0875',0)
INSERT INTO GIOHANG VALUES('1Y2KKEE2',0)
INSERT INTO GIOHANG VALUES('KADTYCPW',0)
INSERT INTO GIOHANG VALUES('72WTTU8G',0)
INSERT INTO GIOHANG VALUES('F8N9UYA7',0)
INSERT INTO GIOHANG VALUES('GTYBHN0K',0)
INSERT INTO GIOHANG VALUES('4UVV70H1',0)
INSERT INTO GIOHANG VALUES('VC14ACXP',0)
INSERT INTO GIOHANG VALUES('7B5XG8P0',0)
INSERT INTO GIOHANG VALUES('84KBVOF8',0)
INSERT INTO GIOHANG VALUES('G86DLK61',0)
INSERT INTO GIOHANG VALUES('49WABVVL',0)
INSERT INTO GIOHANG VALUES('PO1LMNTI',0)
INSERT INTO GIOHANG VALUES('95OCLYFP',0)
INSERT INTO GIOHANG VALUES('1NBITYWI',0)
INSERT INTO GIOHANG VALUES('XBW44H25',0)
INSERT INTO GIOHANG VALUES('5QBVLADP',0)
INSERT INTO GIOHANG VALUES('B61DMZXK',0)
INSERT INTO GIOHANG VALUES('702DT6PU',0)
INSERT INTO GIOHANG VALUES('0GDX0FZB',0)
INSERT INTO GIOHANG VALUES('3HDATUOI',0)
INSERT INTO GIOHANG VALUES('YT5OFK1W',0)
INSERT INTO GIOHANG VALUES('4IH3S0KZ',0)
INSERT INTO GIOHANG VALUES('XUFPPXLB',0)
INSERT INTO GIOHANG VALUES('2ID47Q9B',0)
INSERT INTO GIOHANG VALUES('UEDF0EUQ',0)
INSERT INTO GIOHANG VALUES('I1L71NA8',0)
INSERT INTO GIOHANG VALUES('7G43M7PC',0)
INSERT INTO GIOHANG VALUES('ZSQFPQHC',0)
INSERT INTO GIOHANG VALUES('VSNE5XGZ',0)
INSERT INTO GIOHANG VALUES('CKMXKEUO',0)
INSERT INTO GIOHANG VALUES('FL3HH5T4',0)
INSERT INTO GIOHANG VALUES('BC71VOVY',0)
INSERT INTO GIOHANG VALUES('U1ATULME',0)
INSERT INTO GIOHANG VALUES('MU4P7O83',0)
INSERT INTO GIOHANG VALUES('FV4TADTS',0)
INSERT INTO GIOHANG VALUES('2IDDKG4U',0)
INSERT INTO GIOHANG VALUES('CMMK78U3',0)
INSERT INTO GIOHANG VALUES('UPOP71ZS',0)
INSERT INTO GIOHANG VALUES('CNB6VMB8',0)
INSERT INTO GIOHANG VALUES('KLZI60OB',0)
INSERT INTO GIOHANG VALUES('U2W5LOQB',0)
INSERT INTO GIOHANG VALUES('H1GHHZ4X',0)
INSERT INTO GIOHANG VALUES('TPVZDMTZ',0)
INSERT INTO GIOHANG VALUES('0W68F0AN',0)
INSERT INTO GIOHANG VALUES('CL31LUAD',0)
INSERT INTO GIOHANG VALUES('PKQ4XA33',0)
INSERT INTO GIOHANG VALUES('EG931PP5',0)
INSERT INTO GIOHANG VALUES('4UOOZ3HL',0)
INSERT INTO GIOHANG VALUES('W5NUT52U',0)
INSERT INTO GIOHANG VALUES('UP2W3TCH',0)
INSERT INTO GIOHANG VALUES('Y45DHYPD',0)
INSERT INTO GIOHANG VALUES('LL4YAAP5',0)
INSERT INTO GIOHANG VALUES('DKG1FF7E',0)
INSERT INTO GIOHANG VALUES('EUULOT6Y',0)
INSERT INTO GIOHANG VALUES('AW7PTIXL',0)
INSERT INTO GIOHANG VALUES('NGK7M04A',0)
INSERT INTO GIOHANG VALUES('A4NQO8DE',0)
INSERT INTO GIOHANG VALUES('5QL1720V',0)
INSERT INTO GIOHANG VALUES('GL6XZZC5',0)
INSERT INTO GIOHANG VALUES('CKBQQZUS',0)
INSERT INTO GIOHANG VALUES('MTAOGY7U',0)
INSERT INTO GIOHANG VALUES('MN69Q9VH',0)
INSERT INTO GIOHANG VALUES('QD0N7SX7',0)
INSERT INTO GIOHANG VALUES('H5EOWP8S',0)
INSERT INTO GIOHANG VALUES('DEEYS7KO',0)
INSERT INTO GIOHANG VALUES('3OI0XGHL',0)
INSERT INTO GIOHANG VALUES('C3BNXPZM',0)
INSERT INTO GIOHANG VALUES('4022FQLT',0)
INSERT INTO GIOHANG VALUES('MVHQETWZ',0)
INSERT INTO GIOHANG VALUES('YPMB40UK',0)
INSERT INTO GIOHANG VALUES('M8ZLMHWS',0)
INSERT INTO GIOHANG VALUES('CSETFGPI',0)
INSERT INTO GIOHANG VALUES('DA9NBQUX',0)
INSERT INTO GIOHANG VALUES('YFDG91N4',0)
INSERT INTO GIOHANG VALUES('C2Q7X2YI',0)
INSERT INTO GIOHANG VALUES('ITE4SKIP',0)
INSERT INTO GIOHANG VALUES('AQWLML70',0)
INSERT INTO GIOHANG VALUES('TCEY18H9',0)
INSERT INTO GIOHANG VALUES('PFEWO44P',0)
INSERT INTO GIOHANG VALUES('SMWW08QQ',0)
INSERT INTO GIOHANG VALUES('FPGDUUUP',0)
INSERT INTO GIOHANG VALUES('C12PL63V',0)
INSERT INTO GIOHANG VALUES('0O8DCHYO',0)
INSERT INTO GIOHANG VALUES('0Y53N1G2',0)
INSERT INTO GIOHANG VALUES('PTCZDLZ8',0)
INSERT INTO GIOHANG VALUES('L2LUGVCX',0)
INSERT INTO GIOHANG VALUES('OB59K2I0',0)
INSERT INTO GIOHANG VALUES('XNH4T2D3',0)
INSERT INTO GIOHANG VALUES('074VK6TS',0)
INSERT INTO GIOHANG VALUES('MWTWNNF1',0)
INSERT INTO GIOHANG VALUES('3ZKITFCI',0)
INSERT INTO GIOHANG VALUES('GCDOGO0A',0)
INSERT INTO GIOHANG VALUES('S2G03WCT',0)
INSERT INTO GIOHANG VALUES('1FD1XZ7D',0)
INSERT INTO GIOHANG VALUES('8AT1PW52',0)
INSERT INTO GIOHANG VALUES('MGKVTD4S',0)
INSERT INTO GIOHANG VALUES('YXWNUUEH',0)
INSERT INTO GIOHANG VALUES('E0A31U0E',0)
INSERT INTO GIOHANG VALUES('LBG8C5LO',0)
INSERT INTO GIOHANG VALUES('X7DDW4ZG',0)
INSERT INTO GIOHANG VALUES('92LO86ET',0)
INSERT INTO GIOHANG VALUES('65EV5SCI',0)
INSERT INTO GIOHANG VALUES('BG5PGAMN',0)
INSERT INTO GIOHANG VALUES('3G0AOZ1I',0)
INSERT INTO GIOHANG VALUES('Z6ZWH6WW',0)
INSERT INTO GIOHANG VALUES('GBUYITG2',0)
INSERT INTO GIOHANG VALUES('1ZQWD023',0)
INSERT INTO GIOHANG VALUES('878KS3XA',0)
INSERT INTO GIOHANG VALUES('DMUDYMN5',0)
INSERT INTO GIOHANG VALUES('153LCDW7',0)
INSERT INTO GIOHANG VALUES('G21B3D9F',0)
INSERT INTO GIOHANG VALUES('CG4SOUKF',0)
INSERT INTO GIOHANG VALUES('8YSX8T39',0)
INSERT INTO GIOHANG VALUES('QDHQG66I',0)
INSERT INTO GIOHANG VALUES('EBE0HPFA',0)
INSERT INTO GIOHANG VALUES('MCYIUYG3',0)
INSERT INTO GIOHANG VALUES('NBKM0MKE',0)
INSERT INTO GIOHANG VALUES('WAAKVP9P',0)
INSERT INTO GIOHANG VALUES('HXHOE2O6',0)
INSERT INTO GIOHANG VALUES('CEWPZGAB',0)
INSERT INTO GIOHANG VALUES('YFF6YULO',0)
INSERT INTO GIOHANG VALUES('8ANEV0QA',0)
INSERT INTO GIOHANG VALUES('A5XHTQVU',0)
INSERT INTO GIOHANG VALUES('0PD54FFA',0)
INSERT INTO GIOHANG VALUES('843Z8CMG',0)
INSERT INTO GIOHANG VALUES('IZQTT6NF',0)
INSERT INTO GIOHANG VALUES('8X60EO79',0)
INSERT INTO GIOHANG VALUES('YD36UTYT',0)
INSERT INTO GIOHANG VALUES('75F7YKY6',0)
INSERT INTO GIOHANG VALUES('CWNHUDZQ',0)
INSERT INTO GIOHANG VALUES('E4LNVITH',0)
INSERT INTO GIOHANG VALUES('CBUEW7O7',0)
INSERT INTO GIOHANG VALUES('GEVZPIWX',0)
INSERT INTO GIOHANG VALUES('0OG20M0Q',0)
INSERT INTO GIOHANG VALUES('IYUCFN8Q',0)
INSERT INTO GIOHANG VALUES('GADNXXCB',0)
INSERT INTO GIOHANG VALUES('H3WYENOA',0)
INSERT INTO GIOHANG VALUES('DA97KD22',0)
INSERT INTO GIOHANG VALUES('KZW39IUZ',0)
INSERT INTO GIOHANG VALUES('KACZFZPS',0)
INSERT INTO GIOHANG VALUES('HEC017K6',0)
INSERT INTO GIOHANG VALUES('2Q96W1OZ',0)
INSERT INTO GIOHANG VALUES('X7CI8TBP',0)
INSERT INTO GIOHANG VALUES('LZ56YQFB',0)
INSERT INTO GIOHANG VALUES('7O88P6XX',0)
--insert bang GIOHANG_CHITIET

INSERT INTO GIOHANG_CHITIET VALUES('HFLP3SWS','17409488',0,NULL)
INSERT INTO GIOHANG_CHITIET VALUES('AU33179Q','24551711',0,NULL)
INSERT INTO GIOHANG_CHITIET VALUES('DI96ZU2T','52761423',0,NULL)
INSERT INTO GIOHANG_CHITIET VALUES('WGOS8FHA','22168576',0,NULL)
INSERT INTO GIOHANG_CHITIET VALUES('QN9Y7TBA','18927954',0,NULL)
INSERT INTO GIOHANG_CHITIET VALUES('HMIF3GM3','31233411',0,NULL)
INSERT INTO GIOHANG_CHITIET VALUES('9AOCYQMH','38742779',0,NULL)
INSERT INTO GIOHANG_CHITIET VALUES('VTZ6IKYG','31986502',0,NULL)
INSERT INTO GIOHANG_CHITIET VALUES('SS6AWEIF','86024865',0,NULL)
INSERT INTO GIOHANG_CHITIET VALUES('N72SN1QN','09006138',0,NULL)
INSERT INTO GIOHANG_CHITIET VALUES('MKN6YIC8','93446066',0,NULL)
INSERT INTO GIOHANG_CHITIET VALUES('12NDLB5S','18496378',0,NULL)
INSERT INTO GIOHANG_CHITIET VALUES('CIOTFFQL','82913598',0,NULL)
INSERT INTO GIOHANG_CHITIET VALUES('2CD4VPZQ','40763615',0,NULL)
INSERT INTO GIOHANG_CHITIET VALUES('68PQVB7Y','42097372',0,NULL)
INSERT INTO GIOHANG_CHITIET VALUES('S6QETQ1C','60165754',0,NULL)
INSERT INTO GIOHANG_CHITIET VALUES('VSP4K826','12001460',0,NULL)
INSERT INTO GIOHANG_CHITIET VALUES('79XQXOKO','71777733',0,NULL)
INSERT INTO GIOHANG_CHITIET VALUES('VBMAO060','59981826',0,NULL)
INSERT INTO GIOHANG_CHITIET VALUES('AI16SV4Z','60380125',0,NULL)
INSERT INTO GIOHANG_CHITIET VALUES('CBSB2ZX5','09478351',0,NULL)
INSERT INTO GIOHANG_CHITIET VALUES('8GZ80EGT','20164061',0,NULL)
INSERT INTO GIOHANG_CHITIET VALUES('NMSEVIV3','89841439',0,NULL)
INSERT INTO GIOHANG_CHITIET VALUES('A08PF1YB','88087783',0,NULL)
INSERT INTO GIOHANG_CHITIET VALUES('8K1H6X94','83710734',0,NULL)
INSERT INTO GIOHANG_CHITIET VALUES('5A7K6O5E','96510996',0,NULL)
INSERT INTO GIOHANG_CHITIET VALUES('UKC26D54','83484992',0,NULL)
INSERT INTO GIOHANG_CHITIET VALUES('9T951ZGT','55333743',0,NULL)
INSERT INTO GIOHANG_CHITIET VALUES('CG4YLIIQ','80880681',0,NULL)
INSERT INTO GIOHANG_CHITIET VALUES('F031E2IU','98972282',0,NULL)
INSERT INTO GIOHANG_CHITIET VALUES('WFAKCD3G','89078158',0,NULL)
INSERT INTO GIOHANG_CHITIET VALUES('PVUS656C','61242586',0,NULL)
INSERT INTO GIOHANG_CHITIET VALUES('N0FKTPLY','26539246',0,NULL)
INSERT INTO GIOHANG_CHITIET VALUES('VEWV1XXU','18211976',0,NULL)
INSERT INTO GIOHANG_CHITIET VALUES('NMKCS41K','29520039',0,NULL)
INSERT INTO GIOHANG_CHITIET VALUES('MAF7ZBEM','18195325',0,NULL)
INSERT INTO GIOHANG_CHITIET VALUES('IT0LZ1G2','25867722',0,NULL)
INSERT INTO GIOHANG_CHITIET VALUES('XNTVUQY6','94196982',0,NULL)
INSERT INTO GIOHANG_CHITIET VALUES('FQA152XG','55491250',0,NULL)
INSERT INTO GIOHANG_CHITIET VALUES('2OZO3W3T','83939679',0,NULL)
INSERT INTO GIOHANG_CHITIET VALUES('H5L5ZH9S','97693576',0,NULL)
INSERT INTO GIOHANG_CHITIET VALUES('8ZI6M62F','65825441',0,NULL)
INSERT INTO GIOHANG_CHITIET VALUES('C9GZ5MH3','61633553',0,NULL)
INSERT INTO GIOHANG_CHITIET VALUES('466B5N9I','28253618',0,NULL)
INSERT INTO GIOHANG_CHITIET VALUES('SAF6I2ZV','62146291',0,NULL)
INSERT INTO GIOHANG_CHITIET VALUES('3SX4IBLX','50364929',0,NULL)
INSERT INTO GIOHANG_CHITIET VALUES('Q8I8VM4T','34405963',0,NULL)
INSERT INTO GIOHANG_CHITIET VALUES('WG2LVMGO','42887581',0,NULL)
INSERT INTO GIOHANG_CHITIET VALUES('CX148U2A','25744444',0,NULL)
INSERT INTO GIOHANG_CHITIET VALUES('47BWHKET','29307787',0,NULL)
INSERT INTO GIOHANG_CHITIET VALUES('1E5SYMIP','30382520',0,NULL)
INSERT INTO GIOHANG_CHITIET VALUES('HMIV5HOW','37297534',0,NULL)
INSERT INTO GIOHANG_CHITIET VALUES('HUFD545V','32113253',0,NULL)
INSERT INTO GIOHANG_CHITIET VALUES('OK2GUGIN','51222640',0,NULL)
INSERT INTO GIOHANG_CHITIET VALUES('M6HA0875','70340053',0,NULL)
INSERT INTO GIOHANG_CHITIET VALUES('1Y2KKEE2','10675004',0,NULL)
INSERT INTO GIOHANG_CHITIET VALUES('KADTYCPW','54956482',0,NULL)
INSERT INTO GIOHANG_CHITIET VALUES('72WTTU8G','16831484',0,NULL)
INSERT INTO GIOHANG_CHITIET VALUES('F8N9UYA7','92070607',0,NULL)
INSERT INTO GIOHANG_CHITIET VALUES('GTYBHN0K','05673849',0,NULL)
INSERT INTO GIOHANG_CHITIET VALUES('4UVV70H1','26577457',0,NULL)
INSERT INTO GIOHANG_CHITIET VALUES('VC14ACXP','98302236',0,NULL)
INSERT INTO GIOHANG_CHITIET VALUES('7B5XG8P0','71554026',0,NULL)
INSERT INTO GIOHANG_CHITIET VALUES('84KBVOF8','06111730',0,NULL)
INSERT INTO GIOHANG_CHITIET VALUES('G86DLK61','04830129',0,NULL)
INSERT INTO GIOHANG_CHITIET VALUES('49WABVVL','03885770',0,NULL)
INSERT INTO GIOHANG_CHITIET VALUES('PO1LMNTI','89307478',0,NULL)
INSERT INTO GIOHANG_CHITIET VALUES('95OCLYFP','37100834',0,NULL)
INSERT INTO GIOHANG_CHITIET VALUES('1NBITYWI','50145620',0,NULL)
INSERT INTO GIOHANG_CHITIET VALUES('XBW44H25','35666767',0,NULL)
INSERT INTO GIOHANG_CHITIET VALUES('5QBVLADP','71916272',0,NULL)
INSERT INTO GIOHANG_CHITIET VALUES('B61DMZXK','76513995',0,NULL)
INSERT INTO GIOHANG_CHITIET VALUES('702DT6PU','92653244',0,NULL)
INSERT INTO GIOHANG_CHITIET VALUES('0GDX0FZB','42792373',0,NULL)
INSERT INTO GIOHANG_CHITIET VALUES('3HDATUOI','15785832',0,NULL)
INSERT INTO GIOHANG_CHITIET VALUES('YT5OFK1W','41159510',0,NULL)
INSERT INTO GIOHANG_CHITIET VALUES('4IH3S0KZ','64530891',0,NULL)
INSERT INTO GIOHANG_CHITIET VALUES('XUFPPXLB','34746365',0,NULL)
INSERT INTO GIOHANG_CHITIET VALUES('2ID47Q9B','28103155',0,NULL)
INSERT INTO GIOHANG_CHITIET VALUES('UEDF0EUQ','22174823',0,NULL)
INSERT INTO GIOHANG_CHITIET VALUES('I1L71NA8','63035280',0,NULL)
INSERT INTO GIOHANG_CHITIET VALUES('7G43M7PC','72259108',0,NULL)
INSERT INTO GIOHANG_CHITIET VALUES('ZSQFPQHC','50790534',0,NULL)
INSERT INTO GIOHANG_CHITIET VALUES('VSNE5XGZ','10485925',0,NULL)
INSERT INTO GIOHANG_CHITIET VALUES('CKMXKEUO','41395827',0,NULL)
INSERT INTO GIOHANG_CHITIET VALUES('FL3HH5T4','96177190',0,NULL)
INSERT INTO GIOHANG_CHITIET VALUES('BC71VOVY','34175332',0,NULL)
INSERT INTO GIOHANG_CHITIET VALUES('U1ATULME','41290874',0,NULL)
INSERT INTO GIOHANG_CHITIET VALUES('MU4P7O83','56807743',0,NULL)
INSERT INTO GIOHANG_CHITIET VALUES('FV4TADTS','13630190',0,NULL)
INSERT INTO GIOHANG_CHITIET VALUES('2IDDKG4U','42931482',0,NULL)
INSERT INTO GIOHANG_CHITIET VALUES('CMMK78U3','05593287',0,NULL)
INSERT INTO GIOHANG_CHITIET VALUES('UPOP71ZS','48143552',0,NULL)
INSERT INTO GIOHANG_CHITIET VALUES('CNB6VMB8','68929594',0,NULL)
INSERT INTO GIOHANG_CHITIET VALUES('KLZI60OB','50588013',0,NULL)
INSERT INTO GIOHANG_CHITIET VALUES('U2W5LOQB','22270313',0,NULL)
INSERT INTO GIOHANG_CHITIET VALUES('H1GHHZ4X','37095583',0,NULL)
INSERT INTO GIOHANG_CHITIET VALUES('TPVZDMTZ','78379391',0,NULL)
INSERT INTO GIOHANG_CHITIET VALUES('0W68F0AN','82801848',0,NULL)
INSERT INTO GIOHANG_CHITIET VALUES('CL31LUAD','60930087',0,NULL)
INSERT INTO GIOHANG_CHITIET VALUES('PKQ4XA33','63565839',0,NULL)
INSERT INTO GIOHANG_CHITIET VALUES('EG931PP5','48397645',0,NULL)
INSERT INTO GIOHANG_CHITIET VALUES('4UOOZ3HL','86155196',0,NULL)
INSERT INTO GIOHANG_CHITIET VALUES('W5NUT52U','45425326',0,NULL)
INSERT INTO GIOHANG_CHITIET VALUES('UP2W3TCH','82663945',0,NULL)
INSERT INTO GIOHANG_CHITIET VALUES('Y45DHYPD','62535661',0,NULL)
INSERT INTO GIOHANG_CHITIET VALUES('LL4YAAP5','44626825',0,NULL)
INSERT INTO GIOHANG_CHITIET VALUES('DKG1FF7E','51015176',0,NULL)
INSERT INTO GIOHANG_CHITIET VALUES('EUULOT6Y','00243362',0,NULL)
INSERT INTO GIOHANG_CHITIET VALUES('AW7PTIXL','82343436',0,NULL)
INSERT INTO GIOHANG_CHITIET VALUES('NGK7M04A','84739800',0,NULL)
INSERT INTO GIOHANG_CHITIET VALUES('A4NQO8DE','88051436',0,NULL)
INSERT INTO GIOHANG_CHITIET VALUES('5QL1720V','39219823',0,NULL)
INSERT INTO GIOHANG_CHITIET VALUES('GL6XZZC5','40231989',0,NULL)
INSERT INTO GIOHANG_CHITIET VALUES('CKBQQZUS','89135142',0,NULL)
INSERT INTO GIOHANG_CHITIET VALUES('MTAOGY7U','53892870',0,NULL)
INSERT INTO GIOHANG_CHITIET VALUES('MN69Q9VH','14819359',0,NULL)
INSERT INTO GIOHANG_CHITIET VALUES('QD0N7SX7','79801475',0,NULL)
INSERT INTO GIOHANG_CHITIET VALUES('H5EOWP8S','55092824',0,NULL)
INSERT INTO GIOHANG_CHITIET VALUES('DEEYS7KO','50440511',0,NULL)
INSERT INTO GIOHANG_CHITIET VALUES('3OI0XGHL','59083872',0,NULL)
INSERT INTO GIOHANG_CHITIET VALUES('C3BNXPZM','69381033',0,NULL)
INSERT INTO GIOHANG_CHITIET VALUES('4022FQLT','84801541',0,NULL)
INSERT INTO GIOHANG_CHITIET VALUES('MVHQETWZ','37358569',0,NULL)
INSERT INTO GIOHANG_CHITIET VALUES('YPMB40UK','08936069',0,NULL)
INSERT INTO GIOHANG_CHITIET VALUES('M8ZLMHWS','78941566',0,NULL)
INSERT INTO GIOHANG_CHITIET VALUES('CSETFGPI','66671406',0,NULL)
INSERT INTO GIOHANG_CHITIET VALUES('DA9NBQUX','12149523',0,NULL)
INSERT INTO GIOHANG_CHITIET VALUES('YFDG91N4','41523168',0,NULL)
INSERT INTO GIOHANG_CHITIET VALUES('C2Q7X2YI','82771260',0,NULL)
INSERT INTO GIOHANG_CHITIET VALUES('ITE4SKIP','49460362',0,NULL)
INSERT INTO GIOHANG_CHITIET VALUES('AQWLML70','45881214',0,NULL)
INSERT INTO GIOHANG_CHITIET VALUES('TCEY18H9','98245299',0,NULL)
INSERT INTO GIOHANG_CHITIET VALUES('PFEWO44P','83869866',0,NULL)
INSERT INTO GIOHANG_CHITIET VALUES('SMWW08QQ','23826275',0,NULL)
INSERT INTO GIOHANG_CHITIET VALUES('FPGDUUUP','78278020',0,NULL)
INSERT INTO GIOHANG_CHITIET VALUES('C12PL63V','89282055',0,NULL)
INSERT INTO GIOHANG_CHITIET VALUES('0O8DCHYO','27678781',0,NULL)
INSERT INTO GIOHANG_CHITIET VALUES('0Y53N1G2','60958900',0,NULL)
INSERT INTO GIOHANG_CHITIET VALUES('PTCZDLZ8','07255214',0,NULL)
INSERT INTO GIOHANG_CHITIET VALUES('L2LUGVCX','86468983',0,NULL)
INSERT INTO GIOHANG_CHITIET VALUES('OB59K2I0','55155840',0,NULL)
INSERT INTO GIOHANG_CHITIET VALUES('XNH4T2D3','54721499',0,NULL)
INSERT INTO GIOHANG_CHITIET VALUES('074VK6TS','03035076',0,NULL)
INSERT INTO GIOHANG_CHITIET VALUES('MWTWNNF1','78364419',0,NULL)
INSERT INTO GIOHANG_CHITIET VALUES('3ZKITFCI','55747340',0,NULL)
INSERT INTO GIOHANG_CHITIET VALUES('GCDOGO0A','88152324',0,NULL)
INSERT INTO GIOHANG_CHITIET VALUES('S2G03WCT','66629049',0,NULL)
INSERT INTO GIOHANG_CHITIET VALUES('1FD1XZ7D','31199555',0,NULL)
INSERT INTO GIOHANG_CHITIET VALUES('8AT1PW52','60594634',0,NULL)
INSERT INTO GIOHANG_CHITIET VALUES('MGKVTD4S','90539128',0,NULL)
INSERT INTO GIOHANG_CHITIET VALUES('YXWNUUEH','81860249',0,NULL)
INSERT INTO GIOHANG_CHITIET VALUES('E0A31U0E','02215444',0,NULL)
INSERT INTO GIOHANG_CHITIET VALUES('LBG8C5LO','25042127',0,NULL)
INSERT INTO GIOHANG_CHITIET VALUES('X7DDW4ZG','79554034',0,NULL)
INSERT INTO GIOHANG_CHITIET VALUES('92LO86ET','12298227',0,NULL)
INSERT INTO GIOHANG_CHITIET VALUES('65EV5SCI','85839446',0,NULL)
INSERT INTO GIOHANG_CHITIET VALUES('BG5PGAMN','98566072',0,NULL)
INSERT INTO GIOHANG_CHITIET VALUES('3G0AOZ1I','72647132',0,NULL)
INSERT INTO GIOHANG_CHITIET VALUES('Z6ZWH6WW','16383286',0,NULL)
INSERT INTO GIOHANG_CHITIET VALUES('GBUYITG2','01260546',0,NULL)
INSERT INTO GIOHANG_CHITIET VALUES('1ZQWD023','79347881',0,NULL)
INSERT INTO GIOHANG_CHITIET VALUES('878KS3XA','63876172',0,NULL)
INSERT INTO GIOHANG_CHITIET VALUES('DMUDYMN5','37858587',0,NULL)
INSERT INTO GIOHANG_CHITIET VALUES('153LCDW7','33108109',0,NULL)
INSERT INTO GIOHANG_CHITIET VALUES('G21B3D9F','24915733',0,NULL)
INSERT INTO GIOHANG_CHITIET VALUES('CG4SOUKF','42201277',0,NULL)
INSERT INTO GIOHANG_CHITIET VALUES('8YSX8T39','02410373',0,NULL)
INSERT INTO GIOHANG_CHITIET VALUES('QDHQG66I','95972028',0,NULL)
INSERT INTO GIOHANG_CHITIET VALUES('EBE0HPFA','67081830',0,NULL)
INSERT INTO GIOHANG_CHITIET VALUES('MCYIUYG3','36202841',0,NULL)
INSERT INTO GIOHANG_CHITIET VALUES('NBKM0MKE','83758170',0,NULL)
INSERT INTO GIOHANG_CHITIET VALUES('WAAKVP9P','48813678',0,NULL)
INSERT INTO GIOHANG_CHITIET VALUES('HXHOE2O6','95556630',0,NULL)
INSERT INTO GIOHANG_CHITIET VALUES('CEWPZGAB','08823065',0,NULL)
INSERT INTO GIOHANG_CHITIET VALUES('YFF6YULO','09722829',0,NULL)
INSERT INTO GIOHANG_CHITIET VALUES('8ANEV0QA','44827258',0,NULL)
INSERT INTO GIOHANG_CHITIET VALUES('A5XHTQVU','47395190',0,NULL)
INSERT INTO GIOHANG_CHITIET VALUES('0PD54FFA','28314310',0,NULL)
INSERT INTO GIOHANG_CHITIET VALUES('843Z8CMG','40790814',0,NULL)
INSERT INTO GIOHANG_CHITIET VALUES('IZQTT6NF','07953823',0,NULL)
INSERT INTO GIOHANG_CHITIET VALUES('8X60EO79','21040759',0,NULL)
INSERT INTO GIOHANG_CHITIET VALUES('YD36UTYT','05120989',0,NULL)
INSERT INTO GIOHANG_CHITIET VALUES('75F7YKY6','17330766',0,NULL)
INSERT INTO GIOHANG_CHITIET VALUES('CWNHUDZQ','02898999',0,NULL)
INSERT INTO GIOHANG_CHITIET VALUES('E4LNVITH','42087873',0,NULL)
INSERT INTO GIOHANG_CHITIET VALUES('CBUEW7O7','07642191',0,NULL)
INSERT INTO GIOHANG_CHITIET VALUES('GEVZPIWX','60336221',0,NULL)
INSERT INTO GIOHANG_CHITIET VALUES('0OG20M0Q','43260549',0,NULL)
INSERT INTO GIOHANG_CHITIET VALUES('IYUCFN8Q','60827407',0,NULL)
INSERT INTO GIOHANG_CHITIET VALUES('GADNXXCB','60129385',0,NULL)
INSERT INTO GIOHANG_CHITIET VALUES('H3WYENOA','15668898',0,NULL)
INSERT INTO GIOHANG_CHITIET VALUES('DA97KD22','70791586',0,NULL)
INSERT INTO GIOHANG_CHITIET VALUES('KZW39IUZ','39453823',0,NULL)
INSERT INTO GIOHANG_CHITIET VALUES('KACZFZPS','94851328',0,NULL)
INSERT INTO GIOHANG_CHITIET VALUES('HEC017K6','16467796',0,NULL)
INSERT INTO GIOHANG_CHITIET VALUES('2Q96W1OZ','41926315',0,NULL)
INSERT INTO GIOHANG_CHITIET VALUES('X7CI8TBP','97026176',0,NULL)
INSERT INTO GIOHANG_CHITIET VALUES('LZ56YQFB','25340755',0,NULL)
INSERT INTO GIOHANG_CHITIET VALUES('7O88P6XX','31888017',0,NULL)


--inser bang KHACHHANG
INSERT INTO KHACH_HANG VALUES('tuK0f4pv','Nguyen Van A','1-1-1990','123/456/789', '012345670', 'abcxyz@cde.com','p1KaLmIj',NULL,'HFLP3SWS')
INSERT INTO KHACH_HANG VALUES('NwssS7G6','Nguyen Van A','1-1-1990','123/456/789', '012345671', 'abcxyz@cde.com','2kB7fZp5',NULL,'AU33179Q')
INSERT INTO KHACH_HANG VALUES('bHu16f7v','Nguyen Van A','1-1-1990','123/456/789', '012345672', 'abcxyz@cde.com','Tm1qbi6d',NULL,'DI96ZU2T')
INSERT INTO KHACH_HANG VALUES('THtSesCB','Nguyen Van A','1-1-1990','123/456/789', '012345673', 'abcxyz@cde.com','ss92C31a',NULL,'WGOS8FHA')
INSERT INTO KHACH_HANG VALUES('hv9CoKs4','Nguyen Van A','1-1-1990','123/456/789', '012345674', 'abcxyz@cde.com','PGJK9Lvk',NULL,'QN9Y7TBA')
INSERT INTO KHACH_HANG VALUES('36deUwSM','Nguyen Van A','1-1-1990','123/456/789', '012345675', 'abcxyz@cde.com','7DMPDONX',NULL,'HMIF3GM3')
INSERT INTO KHACH_HANG VALUES('p3dl2iTw','Nguyen Van A','1-1-1990','123/456/789', '012345676', 'abcxyz@cde.com','rwD2yVLZ',NULL,'9AOCYQMH')
INSERT INTO KHACH_HANG VALUES('kGfI6Lbd','Nguyen Van A','1-1-1990','123/456/789', '012345677', 'abcxyz@cde.com','rHBio74s',NULL,'VTZ6IKYG')
INSERT INTO KHACH_HANG VALUES('OXWiPvB0','Nguyen Van A','1-1-1990','123/456/789', '012345678', 'abcxyz@cde.com','okyOsSq7',NULL,'SS6AWEIF')
INSERT INTO KHACH_HANG VALUES('5VFF1cee','Nguyen Van A','1-1-1990','123/456/789', '012345679', 'abcxyz@cde.com','ShEkCnbO',NULL,'N72SN1QN')
INSERT INTO KHACH_HANG VALUES('4e4wBQSG','Nguyen Van A','1-1-1990','123/456/789', '0123456710', 'abcxyz@cde.com','llc0j8G8',NULL,'MKN6YIC8')
INSERT INTO KHACH_HANG VALUES('SUEwt3ok','Nguyen Van A','1-1-1990','123/456/789', '0123456711', 'abcxyz@cde.com','rUSNMnTY',NULL,'12NDLB5S')
INSERT INTO KHACH_HANG VALUES('D24t3sVO','Nguyen Van A','1-1-1990','123/456/789', '0123456712', 'abcxyz@cde.com','8kzx71zW',NULL,'CIOTFFQL')
INSERT INTO KHACH_HANG VALUES('wgH63BSm','Nguyen Van A','1-1-1990','123/456/789', '0123456713', 'abcxyz@cde.com','MKbM1E9n',NULL,'2CD4VPZQ')
INSERT INTO KHACH_HANG VALUES('fuA92IoN','Nguyen Van A','1-1-1990','123/456/789', '0123456714', 'abcxyz@cde.com','QmIB3LNU',NULL,'68PQVB7Y')
INSERT INTO KHACH_HANG VALUES('Gmh1bTFK','Nguyen Van A','1-1-1990','123/456/789', '0123456715', 'abcxyz@cde.com','2WvkjdhM',NULL,'S6QETQ1C')
INSERT INTO KHACH_HANG VALUES('SHQ5B96W','Nguyen Van A','1-1-1990','123/456/789', '0123456716', 'abcxyz@cde.com','BYIiPYQU',NULL,'VSP4K826')
INSERT INTO KHACH_HANG VALUES('i6YHCYkv','Nguyen Van A','1-1-1990','123/456/789', '0123456717', 'abcxyz@cde.com','t7b1TLnd',NULL,'79XQXOKO')
INSERT INTO KHACH_HANG VALUES('s9lZX8uh','Nguyen Van A','1-1-1990','123/456/789', '0123456718', 'abcxyz@cde.com','DrfYpykW',NULL,'VBMAO060')
INSERT INTO KHACH_HANG VALUES('G5ZUWhHF','Nguyen Van A','1-1-1990','123/456/789', '0123456719', 'abcxyz@cde.com','oKtcjpmr',NULL,'AI16SV4Z')
INSERT INTO KHACH_HANG VALUES('glPYv3sc','Nguyen Van A','1-1-1990','123/456/789', '0123456720', 'abcxyz@cde.com','yjiPijFL',NULL,'CBSB2ZX5')
INSERT INTO KHACH_HANG VALUES('dsGnaWht','Nguyen Van A','1-1-1990','123/456/789', '0123456721', 'abcxyz@cde.com','Gu9WMuIb',NULL,'8GZ80EGT')
INSERT INTO KHACH_HANG VALUES('OwkKhE8V','Nguyen Van A','1-1-1990','123/456/789', '0123456722', 'abcxyz@cde.com','GLO4jW1P',NULL,'NMSEVIV3')
INSERT INTO KHACH_HANG VALUES('U8b3idvv','Nguyen Van A','1-1-1990','123/456/789', '0123456723', 'abcxyz@cde.com','GmSGXhIN',NULL,'A08PF1YB')
INSERT INTO KHACH_HANG VALUES('IvuBLTv9','Nguyen Van A','1-1-1990','123/456/789', '0123456724', 'abcxyz@cde.com','inNDyt7c',NULL,'8K1H6X94')
INSERT INTO KHACH_HANG VALUES('KcQSgaVt','Nguyen Van A','1-1-1990','123/456/789', '0123456725', 'abcxyz@cde.com','x0ZdQpb8',NULL,'5A7K6O5E')
INSERT INTO KHACH_HANG VALUES('e8KIP4fi','Nguyen Van A','1-1-1990','123/456/789', '0123456726', 'abcxyz@cde.com','svYiQ7vc',NULL,'UKC26D54')
INSERT INTO KHACH_HANG VALUES('FbOv829v','Nguyen Van A','1-1-1990','123/456/789', '0123456727', 'abcxyz@cde.com','hZ3VTlyR',NULL,'9T951ZGT')
INSERT INTO KHACH_HANG VALUES('ZLpUL6D1','Nguyen Van A','1-1-1990','123/456/789', '0123456728', 'abcxyz@cde.com','IcEu6Sqd',NULL,'CG4YLIIQ')
INSERT INTO KHACH_HANG VALUES('KIPuNdDd','Nguyen Van A','1-1-1990','123/456/789', '0123456729', 'abcxyz@cde.com','7cvBMAAQ',NULL,'F031E2IU')
INSERT INTO KHACH_HANG VALUES('vlsNphQI','Nguyen Van A','1-1-1990','123/456/789', '0123456730', 'abcxyz@cde.com','Y9YVW1lK',NULL,'WFAKCD3G')
INSERT INTO KHACH_HANG VALUES('SSi4Tmkt','Nguyen Van A','1-1-1990','123/456/789', '0123456731', 'abcxyz@cde.com','8pUeed2Q',NULL,'PVUS656C')
INSERT INTO KHACH_HANG VALUES('T1L8ENft','Nguyen Van A','1-1-1990','123/456/789', '0123456732', 'abcxyz@cde.com','Myblv2k0',NULL,'N0FKTPLY')
INSERT INTO KHACH_HANG VALUES('1voGMlot','Nguyen Van A','1-1-1990','123/456/789', '0123456733', 'abcxyz@cde.com','5Gezn5XS',NULL,'VEWV1XXU')
INSERT INTO KHACH_HANG VALUES('HaQuQm3f','Nguyen Van A','1-1-1990','123/456/789', '0123456734', 'abcxyz@cde.com','2X1w6evX',NULL,'NMKCS41K')
INSERT INTO KHACH_HANG VALUES('tDn9Wk7b','Nguyen Van A','1-1-1990','123/456/789', '0123456735', 'abcxyz@cde.com','F4J3D3qt',NULL,'MAF7ZBEM')
INSERT INTO KHACH_HANG VALUES('oAeXT7uY','Nguyen Van A','1-1-1990','123/456/789', '0123456736', 'abcxyz@cde.com','C342jLk4',NULL,'IT0LZ1G2')
INSERT INTO KHACH_HANG VALUES('wKnfMlDo','Nguyen Van A','1-1-1990','123/456/789', '0123456737', 'abcxyz@cde.com','Pu1PMTMw',NULL,'XNTVUQY6')
INSERT INTO KHACH_HANG VALUES('g5a4S7FW','Nguyen Van A','1-1-1990','123/456/789', '0123456738', 'abcxyz@cde.com','jPY5BaNS',NULL,'FQA152XG')
INSERT INTO KHACH_HANG VALUES('3Oa39nYw','Nguyen Van A','1-1-1990','123/456/789', '0123456739', 'abcxyz@cde.com','ShTXjSJF',NULL,'2OZO3W3T')
INSERT INTO KHACH_HANG VALUES('9CMaes7M','Nguyen Van A','1-1-1990','123/456/789', '0123456740', 'abcxyz@cde.com','rPa1HHLS',NULL,'H5L5ZH9S')
INSERT INTO KHACH_HANG VALUES('S0OCb4Vt','Nguyen Van A','1-1-1990','123/456/789', '0123456741', 'abcxyz@cde.com','Ov8m3EKt',NULL,'8ZI6M62F')
INSERT INTO KHACH_HANG VALUES('X1M8Z0Ak','Nguyen Van A','1-1-1990','123/456/789', '0123456742', 'abcxyz@cde.com','GZUxjz9b',NULL,'C9GZ5MH3')
INSERT INTO KHACH_HANG VALUES('ieT0Zn6k','Nguyen Van A','1-1-1990','123/456/789', '0123456743', 'abcxyz@cde.com','sUizjqxc',NULL,'466B5N9I')
INSERT INTO KHACH_HANG VALUES('6utVtolS','Nguyen Van A','1-1-1990','123/456/789', '0123456744', 'abcxyz@cde.com','YUv0IK91',NULL,'SAF6I2ZV')
INSERT INTO KHACH_HANG VALUES('m0IS9wCq','Nguyen Van A','1-1-1990','123/456/789', '0123456745', 'abcxyz@cde.com','R0NyQVEb',NULL,'3SX4IBLX')
INSERT INTO KHACH_HANG VALUES('pEfgQatI','Nguyen Van A','1-1-1990','123/456/789', '0123456746', 'abcxyz@cde.com','R808hDqF',NULL,'Q8I8VM4T')
INSERT INTO KHACH_HANG VALUES('VdZ3iFeX','Nguyen Van A','1-1-1990','123/456/789', '0123456747', 'abcxyz@cde.com','K88GBvoN',NULL,'WG2LVMGO')
INSERT INTO KHACH_HANG VALUES('d5YPVfVa','Nguyen Van A','1-1-1990','123/456/789', '0123456748', 'abcxyz@cde.com','idDMOjIU',NULL,'CX148U2A')
INSERT INTO KHACH_HANG VALUES('HfIWHdpo','Nguyen Van A','1-1-1990','123/456/789', '0123456749', 'abcxyz@cde.com','GJ1uvZQ3',NULL,'47BWHKET')
INSERT INTO KHACH_HANG VALUES('IsDeiQYL','Nguyen Van A','1-1-1990','123/456/789', '0123456750', 'abcxyz@cde.com','pebCSjCw',NULL,'1E5SYMIP')
INSERT INTO KHACH_HANG VALUES('IoTfCsD9','Nguyen Van A','1-1-1990','123/456/789', '0123456751', 'abcxyz@cde.com','LBcHXV3C',NULL,'HMIV5HOW')
INSERT INTO KHACH_HANG VALUES('Z7c1puQp','Nguyen Van A','1-1-1990','123/456/789', '0123456752', 'abcxyz@cde.com','xaptDcVD',NULL,'HUFD545V')
INSERT INTO KHACH_HANG VALUES('L6YiH1fm','Nguyen Van A','1-1-1990','123/456/789', '0123456753', 'abcxyz@cde.com','hL8Swmsa',NULL,'OK2GUGIN')
INSERT INTO KHACH_HANG VALUES('2AeKbWQk','Nguyen Van A','1-1-1990','123/456/789', '0123456754', 'abcxyz@cde.com','d0fkKexT',NULL,'M6HA0875')
INSERT INTO KHACH_HANG VALUES('XWh2bLg9','Nguyen Van A','1-1-1990','123/456/789', '0123456755', 'abcxyz@cde.com','5ewRfaQ2',NULL,'1Y2KKEE2')
INSERT INTO KHACH_HANG VALUES('AKamMa8N','Nguyen Van A','1-1-1990','123/456/789', '0123456756', 'abcxyz@cde.com','dw5Ro4cO',NULL,'KADTYCPW')
INSERT INTO KHACH_HANG VALUES('1cDvnVef','Nguyen Van A','1-1-1990','123/456/789', '0123456757', 'abcxyz@cde.com','LWcZrCaG',NULL,'72WTTU8G')
INSERT INTO KHACH_HANG VALUES('9752sB0d','Nguyen Van A','1-1-1990','123/456/789', '0123456758', 'abcxyz@cde.com','naKt8EUt',NULL,'F8N9UYA7')
INSERT INTO KHACH_HANG VALUES('5WGi8vP4','Nguyen Van A','1-1-1990','123/456/789', '0123456759', 'abcxyz@cde.com','2pchPEiZ',NULL,'GTYBHN0K')
INSERT INTO KHACH_HANG VALUES('TngYuKs7','Nguyen Van A','1-1-1990','123/456/789', '0123456760', 'abcxyz@cde.com','Ik1PDcVV',NULL,'4UVV70H1')
INSERT INTO KHACH_HANG VALUES('VeOgdCOM','Nguyen Van A','1-1-1990','123/456/789', '0123456761', 'abcxyz@cde.com','x8DAUU9s',NULL,'VC14ACXP')
INSERT INTO KHACH_HANG VALUES('7GWW9Luh','Nguyen Van A','1-1-1990','123/456/789', '0123456762', 'abcxyz@cde.com','R3blYOC4',NULL,'7B5XG8P0')
INSERT INTO KHACH_HANG VALUES('bhcchdkQ','Nguyen Van A','1-1-1990','123/456/789', '0123456763', 'abcxyz@cde.com','I05TZDLG',NULL,'84KBVOF8')
INSERT INTO KHACH_HANG VALUES('mV3p0GTa','Nguyen Van A','1-1-1990','123/456/789', '0123456764', 'abcxyz@cde.com','es4BqTAD',NULL,'G86DLK61')
INSERT INTO KHACH_HANG VALUES('0DpkFdo0','Nguyen Van A','1-1-1990','123/456/789', '0123456765', 'abcxyz@cde.com','Yrwj5xHW',NULL,'49WABVVL')
INSERT INTO KHACH_HANG VALUES('vE3A7Pu3','Nguyen Van A','1-1-1990','123/456/789', '0123456766', 'abcxyz@cde.com','S1JyNedY',NULL,'PO1LMNTI')
INSERT INTO KHACH_HANG VALUES('3oBb5vO4','Nguyen Van A','1-1-1990','123/456/789', '0123456767', 'abcxyz@cde.com','hHXiOujq',NULL,'95OCLYFP')
INSERT INTO KHACH_HANG VALUES('05n4WSYm','Nguyen Van A','1-1-1990','123/456/789', '0123456768', 'abcxyz@cde.com','9ex8B26Y',NULL,'1NBITYWI')
INSERT INTO KHACH_HANG VALUES('OWtGhHB2','Nguyen Van A','1-1-1990','123/456/789', '0123456769', 'abcxyz@cde.com','lnicO5jb',NULL,'XBW44H25')
INSERT INTO KHACH_HANG VALUES('YG91cud2','Nguyen Van A','1-1-1990','123/456/789', '0123456770', 'abcxyz@cde.com','LV9jACrG',NULL,'5QBVLADP')
INSERT INTO KHACH_HANG VALUES('N6mGDqfA','Nguyen Van A','1-1-1990','123/456/789', '0123456771', 'abcxyz@cde.com','Hi1v5Lxn',NULL,'B61DMZXK')
INSERT INTO KHACH_HANG VALUES('PYX0IYKl','Nguyen Van A','1-1-1990','123/456/789', '0123456772', 'abcxyz@cde.com','xEmhZkyk',NULL,'702DT6PU')
INSERT INTO KHACH_HANG VALUES('9iHPo3YI','Nguyen Van A','1-1-1990','123/456/789', '0123456773', 'abcxyz@cde.com','UuFvaxDD',NULL,'0GDX0FZB')
INSERT INTO KHACH_HANG VALUES('hgCZAOZi','Nguyen Van A','1-1-1990','123/456/789', '0123456774', 'abcxyz@cde.com','rpXjZq1I',NULL,'3HDATUOI')
INSERT INTO KHACH_HANG VALUES('4Xc0KFh5','Nguyen Van A','1-1-1990','123/456/789', '0123456775', 'abcxyz@cde.com','IBxZHf7O',NULL,'YT5OFK1W')
INSERT INTO KHACH_HANG VALUES('hlb3mUEt','Nguyen Van A','1-1-1990','123/456/789', '0123456776', 'abcxyz@cde.com','OEPnqmVJ',NULL,'4IH3S0KZ')
INSERT INTO KHACH_HANG VALUES('pfuaBOBW','Nguyen Van A','1-1-1990','123/456/789', '0123456777', 'abcxyz@cde.com','pYZ8mJIl',NULL,'XUFPPXLB')
INSERT INTO KHACH_HANG VALUES('ivtbDhA5','Nguyen Van A','1-1-1990','123/456/789', '0123456778', 'abcxyz@cde.com','SIJ0dZP3',NULL,'2ID47Q9B')
INSERT INTO KHACH_HANG VALUES('7YBYVI2U','Nguyen Van A','1-1-1990','123/456/789', '0123456779', 'abcxyz@cde.com','82VBaEQd',NULL,'UEDF0EUQ')
INSERT INTO KHACH_HANG VALUES('cZgU57DF','Nguyen Van A','1-1-1990','123/456/789', '0123456780', 'abcxyz@cde.com','YZ6NHuu0',NULL,'I1L71NA8')
INSERT INTO KHACH_HANG VALUES('ddHFaSWk','Nguyen Van A','1-1-1990','123/456/789', '0123456781', 'abcxyz@cde.com','Z0aFZXOO',NULL,'7G43M7PC')
INSERT INTO KHACH_HANG VALUES('gFdEgW3K','Nguyen Van A','1-1-1990','123/456/789', '0123456782', 'abcxyz@cde.com','p4dvMRJj',NULL,'ZSQFPQHC')
INSERT INTO KHACH_HANG VALUES('GLwpFPdQ','Nguyen Van A','1-1-1990','123/456/789', '0123456783', 'abcxyz@cde.com','zSikZRjp',NULL,'VSNE5XGZ')
INSERT INTO KHACH_HANG VALUES('VcOlQpiC','Nguyen Van A','1-1-1990','123/456/789', '0123456784', 'abcxyz@cde.com','edtvdYct',NULL,'CKMXKEUO')
INSERT INTO KHACH_HANG VALUES('EXtCiGEA','Nguyen Van A','1-1-1990','123/456/789', '0123456785', 'abcxyz@cde.com','DsRHTdb2',NULL,'FL3HH5T4')
INSERT INTO KHACH_HANG VALUES('pahdg3UN','Nguyen Van A','1-1-1990','123/456/789', '0123456786', 'abcxyz@cde.com','liRBDDd8',NULL,'BC71VOVY')
INSERT INTO KHACH_HANG VALUES('f1TfgeiP','Nguyen Van A','1-1-1990','123/456/789', '0123456787', 'abcxyz@cde.com','jVSLEQD2',NULL,'U1ATULME')
INSERT INTO KHACH_HANG VALUES('LhvATiwI','Nguyen Van A','1-1-1990','123/456/789', '0123456788', 'abcxyz@cde.com','fA8uZn2H',NULL,'MU4P7O83')
INSERT INTO KHACH_HANG VALUES('1Dt80Gwm','Nguyen Van A','1-1-1990','123/456/789', '0123456789', 'abcxyz@cde.com','RhCHUlXM',NULL,'FV4TADTS')
INSERT INTO KHACH_HANG VALUES('KYfOB4e2','Nguyen Van A','1-1-1990','123/456/789', '0123456790', 'abcxyz@cde.com','M83TbIM4',NULL,'2IDDKG4U')
INSERT INTO KHACH_HANG VALUES('mQb9eokd','Nguyen Van A','1-1-1990','123/456/789', '0123456791', 'abcxyz@cde.com','GhPz3OSZ',NULL,'CMMK78U3')
INSERT INTO KHACH_HANG VALUES('9IBwkWsC','Nguyen Van A','1-1-1990','123/456/789', '0123456792', 'abcxyz@cde.com','GI5IjnfG',NULL,'UPOP71ZS')
INSERT INTO KHACH_HANG VALUES('BkKd4QV4','Nguyen Van A','1-1-1990','123/456/789', '0123456793', 'abcxyz@cde.com','AQhKZjRK',NULL,'CNB6VMB8')
INSERT INTO KHACH_HANG VALUES('FFmv3sh8','Nguyen Van A','1-1-1990','123/456/789', '0123456794', 'abcxyz@cde.com','NC5auj1z',NULL,'KLZI60OB')
INSERT INTO KHACH_HANG VALUES('N7oHbIn8','Nguyen Van A','1-1-1990','123/456/789', '0123456795', 'abcxyz@cde.com','0s6nyDR1',NULL,'U2W5LOQB')
INSERT INTO KHACH_HANG VALUES('OH5V0Lep','Nguyen Van A','1-1-1990','123/456/789', '0123456796', 'abcxyz@cde.com','n3G9Dvcd',NULL,'H1GHHZ4X')
INSERT INTO KHACH_HANG VALUES('28euaIwG','Nguyen Van A','1-1-1990','123/456/789', '0123456797', 'abcxyz@cde.com','zqdzbzbf',NULL,'TPVZDMTZ')
INSERT INTO KHACH_HANG VALUES('3ND518lv','Nguyen Van A','1-1-1990','123/456/789', '0123456798', 'abcxyz@cde.com','m6yGRWI4',NULL,'0W68F0AN')
INSERT INTO KHACH_HANG VALUES('Mgfem0kH','Nguyen Van A','1-1-1990','123/456/789', '0123456799', 'abcxyz@cde.com','KINJoOEj',NULL,'CL31LUAD')
INSERT INTO KHACH_HANG VALUES('c356F8I9','Nguyen Van A','1-1-1990','123/456/789', '01234567100', 'abcxyz@cde.com','KN3w5j5X',NULL,'PKQ4XA33')
INSERT INTO KHACH_HANG VALUES('EUOEdS45','Nguyen Van A','1-1-1990','123/456/789', '01234567101', 'abcxyz@cde.com','CAVLRcuN',NULL,'EG931PP5')
INSERT INTO KHACH_HANG VALUES('8BBQFn9n','Nguyen Van A','1-1-1990','123/456/789', '01234567102', 'abcxyz@cde.com','G01HTBrK',NULL,'4UOOZ3HL')
INSERT INTO KHACH_HANG VALUES('4AlY0pdM','Nguyen Van A','1-1-1990','123/456/789', '01234567103', 'abcxyz@cde.com','udueP5WK',NULL,'W5NUT52U')
INSERT INTO KHACH_HANG VALUES('D2Xh3KK5','Nguyen Van A','1-1-1990','123/456/789', '01234567104', 'abcxyz@cde.com','AYckJBoJ',NULL,'UP2W3TCH')
INSERT INTO KHACH_HANG VALUES('BCQILh61','Nguyen Van A','1-1-1990','123/456/789', '01234567105', 'abcxyz@cde.com','q0fXLoqB',NULL,'Y45DHYPD')
INSERT INTO KHACH_HANG VALUES('P9G7MpYm','Nguyen Van A','1-1-1990','123/456/789', '01234567106', 'abcxyz@cde.com','AqKSEYW1',NULL,'LL4YAAP5')
INSERT INTO KHACH_HANG VALUES('FhbX5hYG','Nguyen Van A','1-1-1990','123/456/789', '01234567107', 'abcxyz@cde.com','7PCv3bZj',NULL,'DKG1FF7E')
INSERT INTO KHACH_HANG VALUES('AA7VDOXi','Nguyen Van A','1-1-1990','123/456/789', '01234567108', 'abcxyz@cde.com','kmU6r9a8',NULL,'EUULOT6Y')
INSERT INTO KHACH_HANG VALUES('pCOKZaOM','Nguyen Van A','1-1-1990','123/456/789', '01234567109', 'abcxyz@cde.com','6Il87SP6',NULL,'AW7PTIXL')
INSERT INTO KHACH_HANG VALUES('pP7k435Q','Nguyen Van A','1-1-1990','123/456/789', '01234567110', 'abcxyz@cde.com','Yap7Pi8A',NULL,'NGK7M04A')
INSERT INTO KHACH_HANG VALUES('keQLMfZ1','Nguyen Van A','1-1-1990','123/456/789', '01234567111', 'abcxyz@cde.com','044lzM9S',NULL,'A4NQO8DE')
INSERT INTO KHACH_HANG VALUES('8P7t9kTO','Nguyen Van A','1-1-1990','123/456/789', '01234567112', 'abcxyz@cde.com','HBWbfYqN',NULL,'5QL1720V')
INSERT INTO KHACH_HANG VALUES('qWN3nKeV','Nguyen Van A','1-1-1990','123/456/789', '01234567113', 'abcxyz@cde.com','uyIpxZiv',NULL,'GL6XZZC5')
INSERT INTO KHACH_HANG VALUES('kP1eA14T','Nguyen Van A','1-1-1990','123/456/789', '01234567114', 'abcxyz@cde.com','kzn57ve2',NULL,'CKBQQZUS')
INSERT INTO KHACH_HANG VALUES('QOvlT8Hg','Nguyen Van A','1-1-1990','123/456/789', '01234567115', 'abcxyz@cde.com','LRCJMwDY',NULL,'MTAOGY7U')
INSERT INTO KHACH_HANG VALUES('BVZG9Dga','Nguyen Van A','1-1-1990','123/456/789', '01234567116', 'abcxyz@cde.com','biup1tbj',NULL,'MN69Q9VH')
INSERT INTO KHACH_HANG VALUES('Y4DQBf20','Nguyen Van A','1-1-1990','123/456/789', '01234567117', 'abcxyz@cde.com','Nn6GVmzh',NULL,'QD0N7SX7')
INSERT INTO KHACH_HANG VALUES('bFQPTeif','Nguyen Van A','1-1-1990','123/456/789', '01234567118', 'abcxyz@cde.com','DDoBSY6j',NULL,'H5EOWP8S')
INSERT INTO KHACH_HANG VALUES('bgKaWF16','Nguyen Van A','1-1-1990','123/456/789', '01234567119', 'abcxyz@cde.com','bC4kK3jf',NULL,'DEEYS7KO')
INSERT INTO KHACH_HANG VALUES('WfF3eU7o','Nguyen Van A','1-1-1990','123/456/789', '01234567120', 'abcxyz@cde.com','LF8sJstc',NULL,'3OI0XGHL')
INSERT INTO KHACH_HANG VALUES('nlv8SFUZ','Nguyen Van A','1-1-1990','123/456/789', '01234567121', 'abcxyz@cde.com','KtLatqxj',NULL,'C3BNXPZM')
INSERT INTO KHACH_HANG VALUES('e4e5MQfc','Nguyen Van A','1-1-1990','123/456/789', '01234567122', 'abcxyz@cde.com','cMoIxZaR',NULL,'4022FQLT')
INSERT INTO KHACH_HANG VALUES('Due53m6K','Nguyen Van A','1-1-1990','123/456/789', '01234567123', 'abcxyz@cde.com','xzzj03EF',NULL,'MVHQETWZ')
INSERT INTO KHACH_HANG VALUES('5OKUM56q','Nguyen Van A','1-1-1990','123/456/789', '01234567124', 'abcxyz@cde.com','G4XrkKKj',NULL,'YPMB40UK')
INSERT INTO KHACH_HANG VALUES('2vE960c6','Nguyen Van A','1-1-1990','123/456/789', '01234567125', 'abcxyz@cde.com','HoT0hjW6',NULL,'M8ZLMHWS')
INSERT INTO KHACH_HANG VALUES('nGM2S9WX','Nguyen Van A','1-1-1990','123/456/789', '01234567126', 'abcxyz@cde.com','OMWJdAms',NULL,'CSETFGPI')
INSERT INTO KHACH_HANG VALUES('cCnP4LdI','Nguyen Van A','1-1-1990','123/456/789', '01234567127', 'abcxyz@cde.com','HGbytRuz',NULL,'DA9NBQUX')
INSERT INTO KHACH_HANG VALUES('VSWdvhXD','Nguyen Van A','1-1-1990','123/456/789', '01234567128', 'abcxyz@cde.com','MJJSbDj2',NULL,'YFDG91N4')
INSERT INTO KHACH_HANG VALUES('Z2H76YSL','Nguyen Van A','1-1-1990','123/456/789', '01234567129', 'abcxyz@cde.com','SWnDtU4j',NULL,'C2Q7X2YI')
INSERT INTO KHACH_HANG VALUES('aaPSbIXC','Nguyen Van A','1-1-1990','123/456/789', '01234567130', 'abcxyz@cde.com','6Z26ObyM',NULL,'ITE4SKIP')
INSERT INTO KHACH_HANG VALUES('K0ZeMTSf','Nguyen Van A','1-1-1990','123/456/789', '01234567131', 'abcxyz@cde.com','AxOAzKvs',NULL,'AQWLML70')
INSERT INTO KHACH_HANG VALUES('4pdELHa9','Nguyen Van A','1-1-1990','123/456/789', '01234567132', 'abcxyz@cde.com','JWuGz8jn',NULL,'TCEY18H9')
INSERT INTO KHACH_HANG VALUES('kZkhE36X','Nguyen Van A','1-1-1990','123/456/789', '01234567133', 'abcxyz@cde.com','KLSQzKc2',NULL,'PFEWO44P')
INSERT INTO KHACH_HANG VALUES('oODi1YCW','Nguyen Van A','1-1-1990','123/456/789', '01234567134', 'abcxyz@cde.com','WjG4eoRT',NULL,'SMWW08QQ')
INSERT INTO KHACH_HANG VALUES('ikCHeAib','Nguyen Van A','1-1-1990','123/456/789', '01234567135', 'abcxyz@cde.com','tIe3G2ce',NULL,'FPGDUUUP')
INSERT INTO KHACH_HANG VALUES('UKovY00L','Nguyen Van A','1-1-1990','123/456/789', '01234567136', 'abcxyz@cde.com','YdAy4srx',NULL,'C12PL63V')
INSERT INTO KHACH_HANG VALUES('T7GdOuk1','Nguyen Van A','1-1-1990','123/456/789', '01234567137', 'abcxyz@cde.com','UTQtu5kZ',NULL,'0O8DCHYO')
INSERT INTO KHACH_HANG VALUES('hg4s8K05','Nguyen Van A','1-1-1990','123/456/789', '01234567138', 'abcxyz@cde.com','jyv9mrec',NULL,'0Y53N1G2')
INSERT INTO KHACH_HANG VALUES('bYdF5YhV','Nguyen Van A','1-1-1990','123/456/789', '01234567139', 'abcxyz@cde.com','wT0rdwpK',NULL,'PTCZDLZ8')
INSERT INTO KHACH_HANG VALUES('I1a6OwD8','Nguyen Van A','1-1-1990','123/456/789', '01234567140', 'abcxyz@cde.com','eUimunUL',NULL,'L2LUGVCX')
INSERT INTO KHACH_HANG VALUES('Fscm5Olg','Nguyen Van A','1-1-1990','123/456/789', '01234567141', 'abcxyz@cde.com','JZzp1Gcu',NULL,'OB59K2I0')
INSERT INTO KHACH_HANG VALUES('bEiic9Kl','Nguyen Van A','1-1-1990','123/456/789', '01234567142', 'abcxyz@cde.com','lobIZUZv',NULL,'XNH4T2D3')
INSERT INTO KHACH_HANG VALUES('AZbk0W2B','Nguyen Van A','1-1-1990','123/456/789', '01234567143', 'abcxyz@cde.com','U3QLv8Ve',NULL,'074VK6TS')
INSERT INTO KHACH_HANG VALUES('YOU1aEXq','Nguyen Van A','1-1-1990','123/456/789', '01234567144', 'abcxyz@cde.com','vm3KYQhv',NULL,'MWTWNNF1')
INSERT INTO KHACH_HANG VALUES('5gd4CpKQ','Nguyen Van A','1-1-1990','123/456/789', '01234567145', 'abcxyz@cde.com','nZHWfTUy',NULL,'3ZKITFCI')
INSERT INTO KHACH_HANG VALUES('kvh0YD79','Nguyen Van A','1-1-1990','123/456/789', '01234567146', 'abcxyz@cde.com','CC9RmVIK',NULL,'GCDOGO0A')
INSERT INTO KHACH_HANG VALUES('hMSolLaK','Nguyen Van A','1-1-1990','123/456/789', '01234567147', 'abcxyz@cde.com','SSAIxIih',NULL,'S2G03WCT')
INSERT INTO KHACH_HANG VALUES('I6S4ELL5','Nguyen Van A','1-1-1990','123/456/789', '01234567148', 'abcxyz@cde.com','N9TPxvXV',NULL,'1FD1XZ7D')
INSERT INTO KHACH_HANG VALUES('10WaKnIP','Nguyen Van A','1-1-1990','123/456/789', '01234567149', 'abcxyz@cde.com','iQDFc0dQ',NULL,'8AT1PW52')
INSERT INTO KHACH_HANG VALUES('l5FDaSup','Nguyen Van A','1-1-1990','123/456/789', '01234567150', 'abcxyz@cde.com','3spZbRwy',NULL,'MGKVTD4S')
INSERT INTO KHACH_HANG VALUES('ZSkMWdfl','Nguyen Van A','1-1-1990','123/456/789', '01234567151', 'abcxyz@cde.com','Q1qU0GWl',NULL,'YXWNUUEH')
INSERT INTO KHACH_HANG VALUES('ANCnsw4w','Nguyen Van A','1-1-1990','123/456/789', '01234567152', 'abcxyz@cde.com','i2ch58GA',NULL,'E0A31U0E')
INSERT INTO KHACH_HANG VALUES('7sFlun7d','Nguyen Van A','1-1-1990','123/456/789', '01234567153', 'abcxyz@cde.com','Wt6oclUD',NULL,'LBG8C5LO')
INSERT INTO KHACH_HANG VALUES('T9gAqgIq','Nguyen Van A','1-1-1990','123/456/789', '01234567154', 'abcxyz@cde.com','B39BEOlK',NULL,'X7DDW4ZG')
INSERT INTO KHACH_HANG VALUES('GYNKIddd','Nguyen Van A','1-1-1990','123/456/789', '01234567155', 'abcxyz@cde.com','BUQDkWcP',NULL,'92LO86ET')
INSERT INTO KHACH_HANG VALUES('vQpIwllG','Nguyen Van A','1-1-1990','123/456/789', '01234567156', 'abcxyz@cde.com','qNwxpW6k',NULL,'65EV5SCI')
INSERT INTO KHACH_HANG VALUES('fZFXcAoo','Nguyen Van A','1-1-1990','123/456/789', '01234567157', 'abcxyz@cde.com','pc3WsmVW',NULL,'BG5PGAMN')
INSERT INTO KHACH_HANG VALUES('HuhKoSZu','Nguyen Van A','1-1-1990','123/456/789', '01234567158', 'abcxyz@cde.com','ZM0kl936',NULL,'3G0AOZ1I')
INSERT INTO KHACH_HANG VALUES('SMp8U7Un','Nguyen Van A','1-1-1990','123/456/789', '01234567159', 'abcxyz@cde.com','FUBoNCIU',NULL,'Z6ZWH6WW')
INSERT INTO KHACH_HANG VALUES('mnHtWQl6','Nguyen Van A','1-1-1990','123/456/789', '01234567160', 'abcxyz@cde.com','sxEwW7um',NULL,'GBUYITG2')
INSERT INTO KHACH_HANG VALUES('uVp9CI31','Nguyen Van A','1-1-1990','123/456/789', '01234567161', 'abcxyz@cde.com','Xjxj1mGr',NULL,'1ZQWD023')
INSERT INTO KHACH_HANG VALUES('Xe8dBhdN','Nguyen Van A','1-1-1990','123/456/789', '01234567162', 'abcxyz@cde.com','Shanm9hE',NULL,'878KS3XA')
INSERT INTO KHACH_HANG VALUES('DdZ03mvo','Nguyen Van A','1-1-1990','123/456/789', '01234567163', 'abcxyz@cde.com','p1AbW3s5',NULL,'DMUDYMN5')
INSERT INTO KHACH_HANG VALUES('veG53XAw','Nguyen Van A','1-1-1990','123/456/789', '01234567164', 'abcxyz@cde.com','fv5uSDcB',NULL,'153LCDW7')
INSERT INTO KHACH_HANG VALUES('dafXWdD3','Nguyen Van A','1-1-1990','123/456/789', '01234567165', 'abcxyz@cde.com','jc7993rP',NULL,'G21B3D9F')
INSERT INTO KHACH_HANG VALUES('wHTFtHHT','Nguyen Van A','1-1-1990','123/456/789', '01234567166', 'abcxyz@cde.com','i0QOnufz',NULL,'CG4SOUKF')
INSERT INTO KHACH_HANG VALUES('guKGmZo3','Nguyen Van A','1-1-1990','123/456/789', '01234567167', 'abcxyz@cde.com','oUqRkTFZ',NULL,'8YSX8T39')
INSERT INTO KHACH_HANG VALUES('EsqT7QYD','Nguyen Van A','1-1-1990','123/456/789', '01234567168', 'abcxyz@cde.com','BpThOAiW',NULL,'QDHQG66I')
INSERT INTO KHACH_HANG VALUES('GdWZtDIQ','Nguyen Van A','1-1-1990','123/456/789', '01234567169', 'abcxyz@cde.com','0B6oJaVC',NULL,'EBE0HPFA')
INSERT INTO KHACH_HANG VALUES('vB2gTkKM','Nguyen Van A','1-1-1990','123/456/789', '01234567170', 'abcxyz@cde.com','1UO2I8UN',NULL,'MCYIUYG3')
INSERT INTO KHACH_HANG VALUES('ppTF3MTm','Nguyen Van A','1-1-1990','123/456/789', '01234567171', 'abcxyz@cde.com','KfxDaVT6',NULL,'NBKM0MKE')
INSERT INTO KHACH_HANG VALUES('PIZX3hTp','Nguyen Van A','1-1-1990','123/456/789', '01234567172', 'abcxyz@cde.com','j8A5XUlE',NULL,'WAAKVP9P')
INSERT INTO KHACH_HANG VALUES('VWsL6MZA','Nguyen Van A','1-1-1990','123/456/789', '01234567173', 'abcxyz@cde.com','VdpVWWV0',NULL,'HXHOE2O6')
INSERT INTO KHACH_HANG VALUES('WkUNDbBg','Nguyen Van A','1-1-1990','123/456/789', '01234567174', 'abcxyz@cde.com','AIAqhjI9',NULL,'CEWPZGAB')
INSERT INTO KHACH_HANG VALUES('L4NCdOoq','Nguyen Van A','1-1-1990','123/456/789', '01234567175', 'abcxyz@cde.com','jF5G0MaX',NULL,'YFF6YULO')
INSERT INTO KHACH_HANG VALUES('EPINu7WD','Nguyen Van A','1-1-1990','123/456/789', '01234567176', 'abcxyz@cde.com','6jkO1KxQ',NULL,'8ANEV0QA')
INSERT INTO KHACH_HANG VALUES('VikqQBas','Nguyen Van A','1-1-1990','123/456/789', '01234567177', 'abcxyz@cde.com','oZ37F5Dq',NULL,'A5XHTQVU')
INSERT INTO KHACH_HANG VALUES('NOI69kcg','Nguyen Van A','1-1-1990','123/456/789', '01234567178', 'abcxyz@cde.com','iUlLuzHs',NULL,'0PD54FFA')
INSERT INTO KHACH_HANG VALUES('9mNaQeGq','Nguyen Van A','1-1-1990','123/456/789', '01234567179', 'abcxyz@cde.com','OIdVwKj4',NULL,'843Z8CMG')
INSERT INTO KHACH_HANG VALUES('sNVgOpNk','Nguyen Van A','1-1-1990','123/456/789', '01234567180', 'abcxyz@cde.com','2hfTzU03',NULL,'IZQTT6NF')
INSERT INTO KHACH_HANG VALUES('otW4bom4','Nguyen Van A','1-1-1990','123/456/789', '01234567181', 'abcxyz@cde.com','qZKYqB51',NULL,'8X60EO79')
INSERT INTO KHACH_HANG VALUES('b5cdLVUf','Nguyen Van A','1-1-1990','123/456/789', '01234567182', 'abcxyz@cde.com','sTXAEhCJ',NULL,'YD36UTYT')
INSERT INTO KHACH_HANG VALUES('GoUIb2Xn','Nguyen Van A','1-1-1990','123/456/789', '01234567183', 'abcxyz@cde.com','hnLrItAc',NULL,'75F7YKY6')
INSERT INTO KHACH_HANG VALUES('0o34Ol4q','Nguyen Van A','1-1-1990','123/456/789', '01234567184', 'abcxyz@cde.com','MKA9UPjn',NULL,'CWNHUDZQ')
INSERT INTO KHACH_HANG VALUES('97sDdkuZ','Nguyen Van A','1-1-1990','123/456/789', '01234567185', 'abcxyz@cde.com','cUamFodb',NULL,'E4LNVITH')
INSERT INTO KHACH_HANG VALUES('b2GfdSw6','Nguyen Van A','1-1-1990','123/456/789', '01234567186', 'abcxyz@cde.com','458uUZv3',NULL,'CBUEW7O7')
INSERT INTO KHACH_HANG VALUES('BWkUXYu1','Nguyen Van A','1-1-1990','123/456/789', '01234567187', 'abcxyz@cde.com','U4nFOejN',NULL,'GEVZPIWX')
INSERT INTO KHACH_HANG VALUES('E3CBF0PP','Nguyen Van A','1-1-1990','123/456/789', '01234567188', 'abcxyz@cde.com','43KqWf25',NULL,'0OG20M0Q')
INSERT INTO KHACH_HANG VALUES('GFOdiam7','Nguyen Van A','1-1-1990','123/456/789', '01234567189', 'abcxyz@cde.com','weWADiwt',NULL,'IYUCFN8Q')
INSERT INTO KHACH_HANG VALUES('MmXTEDZF','Nguyen Van A','1-1-1990','123/456/789', '01234567190', 'abcxyz@cde.com','S03iPzOP',NULL,'GADNXXCB')
INSERT INTO KHACH_HANG VALUES('h0nSDD4k','Nguyen Van A','1-1-1990','123/456/789', '01234567191', 'abcxyz@cde.com','vtq62KBK',NULL,'H3WYENOA')
INSERT INTO KHACH_HANG VALUES('Y0oa1bpn','Nguyen Van A','1-1-1990','123/456/789', '01234567192', 'abcxyz@cde.com','xo5tZTMA',NULL,'DA97KD22')
INSERT INTO KHACH_HANG VALUES('k9PAOZNZ','Nguyen Van A','1-1-1990','123/456/789', '01234567193', 'abcxyz@cde.com','nFED3eiV',NULL,'KZW39IUZ')
INSERT INTO KHACH_HANG VALUES('Kl35ckNp','Nguyen Van A','1-1-1990','123/456/789', '01234567194', 'abcxyz@cde.com','tMAhfV40',NULL,'KACZFZPS')
INSERT INTO KHACH_HANG VALUES('tt9BHH96','Nguyen Van A','1-1-1990','123/456/789', '01234567195', 'abcxyz@cde.com','JMkQTr7j',NULL,'HEC017K6')
INSERT INTO KHACH_HANG VALUES('wGPiGDSb','Nguyen Van A','1-1-1990','123/456/789', '01234567196', 'abcxyz@cde.com','urfiYDnT',NULL,'2Q96W1OZ')
INSERT INTO KHACH_HANG VALUES('9TQoScdt','Nguyen Van A','1-1-1990','123/456/789', '01234567197', 'abcxyz@cde.com','pL4My5Bo',NULL,'X7CI8TBP')
INSERT INTO KHACH_HANG VALUES('CQelsosF','Nguyen Van A','1-1-1990','123/456/789', '01234567198', 'abcxyz@cde.com','Od5Ywnbh',NULL,'LZ56YQFB')
INSERT INTO KHACH_HANG VALUES('pXpO3F12','Nguyen Van A','1-1-1990','123/456/789', '01234567199', 'abcxyz@cde.com','hX28OEXR',NULL,'7O88P6XX')


